ukbb_key,arivale_key,n_shared_curies,shared_curies
20281|Spectrometer-corrected alanine,811|alanine,36,CAS:115967-49-2|CAS:130380-93-7|CAS:18875-37-1|CAS:200-273-8|CAS:25191-17-7|CAS:26336-61-8|CAS:56-41-7|CAS:6898-94-8|CAS:77160-91-9|CHEBI:13069|CHEBI:16977|CHEBI:21216|CHEBI:40734|CHEBI:40735|CHEBI:46308|CHEBI:57972|CHEBI:6171|CHEMBL.COMPOUND:CHEMBL12198|CHEMBL.COMPOUND:CHEMBL279597|DRUGBANK:DB00160|DRUGCENTRAL:4255|HMDB:HMDB0000161|KEGG:C00041|LOINC:LP15331-9|MESH:C019529|MESH:D000409|PUBCHEM:5950|PUBCHEM:7311724|REACT:R-ALL-29432|REACT:R-ALL-352036|REACT:R-ALL-379697|REACT:R-ALL-389664|RM:0135898|RXCUI:426|UMLS:C0001898|UNII:OF5P57N2ZX
23400|Total cholesterol,266|cholesterol,60,CAS:129111-15-5|CAS:200-353-2|CAS:22243-67-0|CAS:57-88-5|CAS:80356-14-5|CHEBI:13982|CHEBI:16113|CHEBI:23204|CHEBI:3659|CHEBI:41564|CHEMBL.COMPOUND:CHEMBL112570|CHEMBL.COMPOUND:CHEMBL4866839|CHEMBL.TARGET:CHEMBL4651303|CHV:0000002883|DRUGBANK:DB04540|GTOPDB:2718|HMDB:HMDB0000067|KEGG.DRUG:D00040|KEGG:C00187|LIPIDBANK:SST9061|LM:ST01010001|LOINC:LP100019-1|LOINC:LP15493-7|LOINC:LP18020-5|LOINC:LP32024-9|MESH:D002784|NCIT:C369|NDDF:002556|PATHWHIZ.COMPOUND:47|PSY:09020|PUBCHEM:304|PUBCHEM:5997|REACT:R-ALL-163586|REACT:R-ALL-171069|REACT:R-ALL-171083|REACT:R-ALL-171095|REACT:R-ALL-171135|REACT:R-ALL-171149|REACT:R-ALL-174672|REACT:R-ALL-176478|REACT:R-ALL-193156|REACT:R-ALL-193384|REACT:R-ALL-193840|REACT:R-ALL-196084|REACT:R-ALL-216762|REACT:R-ALL-2239405|REACT:R-ALL-2429660|REACT:R-ALL-8847704|REACT:R-ALL-8848047|REACT:R-ALL-8866305|REACT:R-ALL-8876478|REACT:R-ALL-8951853|RM:0135639|RXCUI:2438|RXNORM:2438|SLM:000000287|SNOMEDCT:84698008|UMLS:C0008377|UNII:97C5T2UQ7J|VANDF:4018648
23401|Total cholesterol minus HDL-C,266|cholesterol,60,CAS:129111-15-5|CAS:200-353-2|CAS:22243-67-0|CAS:57-88-5|CAS:80356-14-5|CHEBI:13982|CHEBI:16113|CHEBI:23204|CHEBI:3659|CHEBI:41564|CHEMBL.COMPOUND:CHEMBL112570|CHEMBL.COMPOUND:CHEMBL4866839|CHEMBL.TARGET:CHEMBL4651303|CHV:0000002883|DRUGBANK:DB04540|GTOPDB:2718|HMDB:HMDB0000067|KEGG.DRUG:D00040|KEGG:C00187|LIPIDBANK:SST9061|LM:ST01010001|LOINC:LP100019-1|LOINC:LP15493-7|LOINC:LP18020-5|LOINC:LP32024-9|MESH:D002784|NCIT:C369|NDDF:002556|PATHWHIZ.COMPOUND:47|PSY:09020|PUBCHEM:304|PUBCHEM:5997|REACT:R-ALL-163586|REACT:R-ALL-171069|REACT:R-ALL-171083|REACT:R-ALL-171095|REACT:R-ALL-171135|REACT:R-ALL-171149|REACT:R-ALL-174672|REACT:R-ALL-176478|REACT:R-ALL-193156|REACT:R-ALL-193384|REACT:R-ALL-193840|REACT:R-ALL-196084|REACT:R-ALL-216762|REACT:R-ALL-2239405|REACT:R-ALL-2429660|REACT:R-ALL-8847704|REACT:R-ALL-8848047|REACT:R-ALL-8866305|REACT:R-ALL-8876478|REACT:R-ALL-8951853|RM:0135639|RXCUI:2438|RXNORM:2438|SLM:000000287|SNOMEDCT:84698008|UMLS:C0008377|UNII:97C5T2UQ7J|VANDF:4018648
"23402|Remnant cholesterol (non-HDL, non-LDL -cholesterol)",266|cholesterol,60,CAS:129111-15-5|CAS:200-353-2|CAS:22243-67-0|CAS:57-88-5|CAS:80356-14-5|CHEBI:13982|CHEBI:16113|CHEBI:23204|CHEBI:3659|CHEBI:41564|CHEMBL.COMPOUND:CHEMBL112570|CHEMBL.COMPOUND:CHEMBL4866839|CHEMBL.TARGET:CHEMBL4651303|CHV:0000002883|DRUGBANK:DB04540|GTOPDB:2718|HMDB:HMDB0000067|KEGG.DRUG:D00040|KEGG:C00187|LIPIDBANK:SST9061|LM:ST01010001|LOINC:LP100019-1|LOINC:LP15493-7|LOINC:LP18020-5|LOINC:LP32024-9|MESH:D002784|NCIT:C369|NDDF:002556|PATHWHIZ.COMPOUND:47|PSY:09020|PUBCHEM:304|PUBCHEM:5997|REACT:R-ALL-163586|REACT:R-ALL-171069|REACT:R-ALL-171083|REACT:R-ALL-171095|REACT:R-ALL-171135|REACT:R-ALL-171149|REACT:R-ALL-174672|REACT:R-ALL-176478|REACT:R-ALL-193156|REACT:R-ALL-193384|REACT:R-ALL-193840|REACT:R-ALL-196084|REACT:R-ALL-216762|REACT:R-ALL-2239405|REACT:R-ALL-2429660|REACT:R-ALL-8847704|REACT:R-ALL-8848047|REACT:R-ALL-8866305|REACT:R-ALL-8876478|REACT:R-ALL-8951853|RM:0135639|RXCUI:2438|RXNORM:2438|SLM:000000287|SNOMEDCT:84698008|UMLS:C0008377|UNII:97C5T2UQ7J|VANDF:4018648
23403|VLDL cholesterol,266|cholesterol,60,CAS:129111-15-5|CAS:200-353-2|CAS:22243-67-0|CAS:57-88-5|CAS:80356-14-5|CHEBI:13982|CHEBI:16113|CHEBI:23204|CHEBI:3659|CHEBI:41564|CHEMBL.COMPOUND:CHEMBL112570|CHEMBL.COMPOUND:CHEMBL4866839|CHEMBL.TARGET:CHEMBL4651303|CHV:0000002883|DRUGBANK:DB04540|GTOPDB:2718|HMDB:HMDB0000067|KEGG.DRUG:D00040|KEGG:C00187|LIPIDBANK:SST9061|LM:ST01010001|LOINC:LP100019-1|LOINC:LP15493-7|LOINC:LP18020-5|LOINC:LP32024-9|MESH:D002784|NCIT:C369|NDDF:002556|PATHWHIZ.COMPOUND:47|PSY:09020|PUBCHEM:304|PUBCHEM:5997|REACT:R-ALL-163586|REACT:R-ALL-171069|REACT:R-ALL-171083|REACT:R-ALL-171095|REACT:R-ALL-171135|REACT:R-ALL-171149|REACT:R-ALL-174672|REACT:R-ALL-176478|REACT:R-ALL-193156|REACT:R-ALL-193384|REACT:R-ALL-193840|REACT:R-ALL-196084|REACT:R-ALL-216762|REACT:R-ALL-2239405|REACT:R-ALL-2429660|REACT:R-ALL-8847704|REACT:R-ALL-8848047|REACT:R-ALL-8866305|REACT:R-ALL-8876478|REACT:R-ALL-8951853|RM:0135639|RXCUI:2438|RXNORM:2438|SLM:000000287|SNOMEDCT:84698008|UMLS:C0008377|UNII:97C5T2UQ7J|VANDF:4018648
23404|Clinical LDL cholesterol,266|cholesterol,60,CAS:129111-15-5|CAS:200-353-2|CAS:22243-67-0|CAS:57-88-5|CAS:80356-14-5|CHEBI:13982|CHEBI:16113|CHEBI:23204|CHEBI:3659|CHEBI:41564|CHEMBL.COMPOUND:CHEMBL112570|CHEMBL.COMPOUND:CHEMBL4866839|CHEMBL.TARGET:CHEMBL4651303|CHV:0000002883|DRUGBANK:DB04540|GTOPDB:2718|HMDB:HMDB0000067|KEGG.DRUG:D00040|KEGG:C00187|LIPIDBANK:SST9061|LM:ST01010001|LOINC:LP100019-1|LOINC:LP15493-7|LOINC:LP18020-5|LOINC:LP32024-9|MESH:D002784|NCIT:C369|NDDF:002556|PATHWHIZ.COMPOUND:47|PSY:09020|PUBCHEM:304|PUBCHEM:5997|REACT:R-ALL-163586|REACT:R-ALL-171069|REACT:R-ALL-171083|REACT:R-ALL-171095|REACT:R-ALL-171135|REACT:R-ALL-171149|REACT:R-ALL-174672|REACT:R-ALL-176478|REACT:R-ALL-193156|REACT:R-ALL-193384|REACT:R-ALL-193840|REACT:R-ALL-196084|REACT:R-ALL-216762|REACT:R-ALL-2239405|REACT:R-ALL-2429660|REACT:R-ALL-8847704|REACT:R-ALL-8848047|REACT:R-ALL-8866305|REACT:R-ALL-8876478|REACT:R-ALL-8951853|RM:0135639|RXCUI:2438|RXNORM:2438|SLM:000000287|SNOMEDCT:84698008|UMLS:C0008377|UNII:97C5T2UQ7J|VANDF:4018648
23405|LDL cholesterol,266|cholesterol,60,CAS:129111-15-5|CAS:200-353-2|CAS:22243-67-0|CAS:57-88-5|CAS:80356-14-5|CHEBI:13982|CHEBI:16113|CHEBI:23204|CHEBI:3659|CHEBI:41564|CHEMBL.COMPOUND:CHEMBL112570|CHEMBL.COMPOUND:CHEMBL4866839|CHEMBL.TARGET:CHEMBL4651303|CHV:0000002883|DRUGBANK:DB04540|GTOPDB:2718|HMDB:HMDB0000067|KEGG.DRUG:D00040|KEGG:C00187|LIPIDBANK:SST9061|LM:ST01010001|LOINC:LP100019-1|LOINC:LP15493-7|LOINC:LP18020-5|LOINC:LP32024-9|MESH:D002784|NCIT:C369|NDDF:002556|PATHWHIZ.COMPOUND:47|PSY:09020|PUBCHEM:304|PUBCHEM:5997|REACT:R-ALL-163586|REACT:R-ALL-171069|REACT:R-ALL-171083|REACT:R-ALL-171095|REACT:R-ALL-171135|REACT:R-ALL-171149|REACT:R-ALL-174672|REACT:R-ALL-176478|REACT:R-ALL-193156|REACT:R-ALL-193384|REACT:R-ALL-193840|REACT:R-ALL-196084|REACT:R-ALL-216762|REACT:R-ALL-2239405|REACT:R-ALL-2429660|REACT:R-ALL-8847704|REACT:R-ALL-8848047|REACT:R-ALL-8866305|REACT:R-ALL-8876478|REACT:R-ALL-8951853|RM:0135639|RXCUI:2438|RXNORM:2438|SLM:000000287|SNOMEDCT:84698008|UMLS:C0008377|UNII:97C5T2UQ7J|VANDF:4018648
23406|HDL cholesterol,266|cholesterol,60,CAS:129111-15-5|CAS:200-353-2|CAS:22243-67-0|CAS:57-88-5|CAS:80356-14-5|CHEBI:13982|CHEBI:16113|CHEBI:23204|CHEBI:3659|CHEBI:41564|CHEMBL.COMPOUND:CHEMBL112570|CHEMBL.COMPOUND:CHEMBL4866839|CHEMBL.TARGET:CHEMBL4651303|CHV:0000002883|DRUGBANK:DB04540|GTOPDB:2718|HMDB:HMDB0000067|KEGG.DRUG:D00040|KEGG:C00187|LIPIDBANK:SST9061|LM:ST01010001|LOINC:LP100019-1|LOINC:LP15493-7|LOINC:LP18020-5|LOINC:LP32024-9|MESH:D002784|NCIT:C369|NDDF:002556|PATHWHIZ.COMPOUND:47|PSY:09020|PUBCHEM:304|PUBCHEM:5997|REACT:R-ALL-163586|REACT:R-ALL-171069|REACT:R-ALL-171083|REACT:R-ALL-171095|REACT:R-ALL-171135|REACT:R-ALL-171149|REACT:R-ALL-174672|REACT:R-ALL-176478|REACT:R-ALL-193156|REACT:R-ALL-193384|REACT:R-ALL-193840|REACT:R-ALL-196084|REACT:R-ALL-216762|REACT:R-ALL-2239405|REACT:R-ALL-2429660|REACT:R-ALL-8847704|REACT:R-ALL-8848047|REACT:R-ALL-8866305|REACT:R-ALL-8876478|REACT:R-ALL-8951853|RM:0135639|RXCUI:2438|RXNORM:2438|SLM:000000287|SNOMEDCT:84698008|UMLS:C0008377|UNII:97C5T2UQ7J|VANDF:4018648
23415|Total esterified cholesterol,266|cholesterol,60,CAS:129111-15-5|CAS:200-353-2|CAS:22243-67-0|CAS:57-88-5|CAS:80356-14-5|CHEBI:13982|CHEBI:16113|CHEBI:23204|CHEBI:3659|CHEBI:41564|CHEMBL.COMPOUND:CHEMBL112570|CHEMBL.COMPOUND:CHEMBL4866839|CHEMBL.TARGET:CHEMBL4651303|CHV:0000002883|DRUGBANK:DB04540|GTOPDB:2718|HMDB:HMDB0000067|KEGG.DRUG:D00040|KEGG:C00187|LIPIDBANK:SST9061|LM:ST01010001|LOINC:LP100019-1|LOINC:LP15493-7|LOINC:LP18020-5|LOINC:LP32024-9|MESH:D002784|NCIT:C369|NDDF:002556|PATHWHIZ.COMPOUND:47|PSY:09020|PUBCHEM:304|PUBCHEM:5997|REACT:R-ALL-163586|REACT:R-ALL-171069|REACT:R-ALL-171083|REACT:R-ALL-171095|REACT:R-ALL-171135|REACT:R-ALL-171149|REACT:R-ALL-174672|REACT:R-ALL-176478|REACT:R-ALL-193156|REACT:R-ALL-193384|REACT:R-ALL-193840|REACT:R-ALL-196084|REACT:R-ALL-216762|REACT:R-ALL-2239405|REACT:R-ALL-2429660|REACT:R-ALL-8847704|REACT:R-ALL-8848047|REACT:R-ALL-8866305|REACT:R-ALL-8876478|REACT:R-ALL-8951853|RM:0135639|RXCUI:2438|RXNORM:2438|SLM:000000287|SNOMEDCT:84698008|UMLS:C0008377|UNII:97C5T2UQ7J|VANDF:4018648
23419|Total free cholesterol,266|cholesterol,60,CAS:129111-15-5|CAS:200-353-2|CAS:22243-67-0|CAS:57-88-5|CAS:80356-14-5|CHEBI:13982|CHEBI:16113|CHEBI:23204|CHEBI:3659|CHEBI:41564|CHEMBL.COMPOUND:CHEMBL112570|CHEMBL.COMPOUND:CHEMBL4866839|CHEMBL.TARGET:CHEMBL4651303|CHV:0000002883|DRUGBANK:DB04540|GTOPDB:2718|HMDB:HMDB0000067|KEGG.DRUG:D00040|KEGG:C00187|LIPIDBANK:SST9061|LM:ST01010001|LOINC:LP100019-1|LOINC:LP15493-7|LOINC:LP18020-5|LOINC:LP32024-9|MESH:D002784|NCIT:C369|NDDF:002556|PATHWHIZ.COMPOUND:47|PSY:09020|PUBCHEM:304|PUBCHEM:5997|REACT:R-ALL-163586|REACT:R-ALL-171069|REACT:R-ALL-171083|REACT:R-ALL-171095|REACT:R-ALL-171135|REACT:R-ALL-171149|REACT:R-ALL-174672|REACT:R-ALL-176478|REACT:R-ALL-193156|REACT:R-ALL-193384|REACT:R-ALL-193840|REACT:R-ALL-196084|REACT:R-ALL-216762|REACT:R-ALL-2239405|REACT:R-ALL-2429660|REACT:R-ALL-8847704|REACT:R-ALL-8848047|REACT:R-ALL-8866305|REACT:R-ALL-8876478|REACT:R-ALL-8951853|RM:0135639|RXCUI:2438|RXNORM:2438|SLM:000000287|SNOMEDCT:84698008|UMLS:C0008377|UNII:97C5T2UQ7J|VANDF:4018648
23420|Free cholesterol in VLDL,266|cholesterol,60,CAS:129111-15-5|CAS:200-353-2|CAS:22243-67-0|CAS:57-88-5|CAS:80356-14-5|CHEBI:13982|CHEBI:16113|CHEBI:23204|CHEBI:3659|CHEBI:41564|CHEMBL.COMPOUND:CHEMBL112570|CHEMBL.COMPOUND:CHEMBL4866839|CHEMBL.TARGET:CHEMBL4651303|CHV:0000002883|DRUGBANK:DB04540|GTOPDB:2718|HMDB:HMDB0000067|KEGG.DRUG:D00040|KEGG:C00187|LIPIDBANK:SST9061|LM:ST01010001|LOINC:LP100019-1|LOINC:LP15493-7|LOINC:LP18020-5|LOINC:LP32024-9|MESH:D002784|NCIT:C369|NDDF:002556|PATHWHIZ.COMPOUND:47|PSY:09020|PUBCHEM:304|PUBCHEM:5997|REACT:R-ALL-163586|REACT:R-ALL-171069|REACT:R-ALL-171083|REACT:R-ALL-171095|REACT:R-ALL-171135|REACT:R-ALL-171149|REACT:R-ALL-174672|REACT:R-ALL-176478|REACT:R-ALL-193156|REACT:R-ALL-193384|REACT:R-ALL-193840|REACT:R-ALL-196084|REACT:R-ALL-216762|REACT:R-ALL-2239405|REACT:R-ALL-2429660|REACT:R-ALL-8847704|REACT:R-ALL-8848047|REACT:R-ALL-8866305|REACT:R-ALL-8876478|REACT:R-ALL-8951853|RM:0135639|RXCUI:2438|RXNORM:2438|SLM:000000287|SNOMEDCT:84698008|UMLS:C0008377|UNII:97C5T2UQ7J|VANDF:4018648
23421|Free cholesterol in LDL,266|cholesterol,60,CAS:129111-15-5|CAS:200-353-2|CAS:22243-67-0|CAS:57-88-5|CAS:80356-14-5|CHEBI:13982|CHEBI:16113|CHEBI:23204|CHEBI:3659|CHEBI:41564|CHEMBL.COMPOUND:CHEMBL112570|CHEMBL.COMPOUND:CHEMBL4866839|CHEMBL.TARGET:CHEMBL4651303|CHV:0000002883|DRUGBANK:DB04540|GTOPDB:2718|HMDB:HMDB0000067|KEGG.DRUG:D00040|KEGG:C00187|LIPIDBANK:SST9061|LM:ST01010001|LOINC:LP100019-1|LOINC:LP15493-7|LOINC:LP18020-5|LOINC:LP32024-9|MESH:D002784|NCIT:C369|NDDF:002556|PATHWHIZ.COMPOUND:47|PSY:09020|PUBCHEM:304|PUBCHEM:5997|REACT:R-ALL-163586|REACT:R-ALL-171069|REACT:R-ALL-171083|REACT:R-ALL-171095|REACT:R-ALL-171135|REACT:R-ALL-171149|REACT:R-ALL-174672|REACT:R-ALL-176478|REACT:R-ALL-193156|REACT:R-ALL-193384|REACT:R-ALL-193840|REACT:R-ALL-196084|REACT:R-ALL-216762|REACT:R-ALL-2239405|REACT:R-ALL-2429660|REACT:R-ALL-8847704|REACT:R-ALL-8848047|REACT:R-ALL-8866305|REACT:R-ALL-8876478|REACT:R-ALL-8951853|RM:0135639|RXCUI:2438|RXNORM:2438|SLM:000000287|SNOMEDCT:84698008|UMLS:C0008377|UNII:97C5T2UQ7J|VANDF:4018648
23422|Free cholesterol in HDL,266|cholesterol,60,CAS:129111-15-5|CAS:200-353-2|CAS:22243-67-0|CAS:57-88-5|CAS:80356-14-5|CHEBI:13982|CHEBI:16113|CHEBI:23204|CHEBI:3659|CHEBI:41564|CHEMBL.COMPOUND:CHEMBL112570|CHEMBL.COMPOUND:CHEMBL4866839|CHEMBL.TARGET:CHEMBL4651303|CHV:0000002883|DRUGBANK:DB04540|GTOPDB:2718|HMDB:HMDB0000067|KEGG.DRUG:D00040|KEGG:C00187|LIPIDBANK:SST9061|LM:ST01010001|LOINC:LP100019-1|LOINC:LP15493-7|LOINC:LP18020-5|LOINC:LP32024-9|MESH:D002784|NCIT:C369|NDDF:002556|PATHWHIZ.COMPOUND:47|PSY:09020|PUBCHEM:304|PUBCHEM:5997|REACT:R-ALL-163586|REACT:R-ALL-171069|REACT:R-ALL-171083|REACT:R-ALL-171095|REACT:R-ALL-171135|REACT:R-ALL-171149|REACT:R-ALL-174672|REACT:R-ALL-176478|REACT:R-ALL-193156|REACT:R-ALL-193384|REACT:R-ALL-193840|REACT:R-ALL-196084|REACT:R-ALL-216762|REACT:R-ALL-2239405|REACT:R-ALL-2429660|REACT:R-ALL-8847704|REACT:R-ALL-8848047|REACT:R-ALL-8866305|REACT:R-ALL-8876478|REACT:R-ALL-8951853|RM:0135639|RXCUI:2438|RXNORM:2438|SLM:000000287|SNOMEDCT:84698008|UMLS:C0008377|UNII:97C5T2UQ7J|VANDF:4018648
23436|Total cholines,1256|choline,22,CAS:200-535-1|CAS:62-49-7|CHEBI:13985|CHEBI:15354|CHEBI:23212|CHEBI:3665|CHEBI:41524|CHEMBL.COMPOUND:CHEMBL920|DRUGBANK:DB00122|DRUGCENTRAL:3097|GTOPDB:4551|HMDB:HMDB0000097|KEGG:C00114|MESH:D002794|PUBCHEM:305|REACT:R-ALL-264618|REACT:R-ALL-264638|REACT:R-ALL-6798162|RM:0028739|RXCUI:2449|UMLS:C0008405|UNII:N91BDP6H0X
23437|Phosphatidylcholines,"100009166|phosphatidylcholine (16:0/22:5n3, 18:1/20:4)*",5,CHEBI:64482|FMA:85434|LOINC:LP15796-3|PATHWHIZ.ELEMENTCOLLECTION:74|VANDF:4025076
23437|Phosphatidylcholines,"100009167|phosphatidylcholine (18:0/20:5, 16:0/22:5n6)*",5,CHEBI:64482|FMA:85434|LOINC:LP15796-3|PATHWHIZ.ELEMENTCOLLECTION:74|VANDF:4025076
23456|Ratio of linoleic acid to total fatty acids,180|linoleate (18:2n6),35,CAS:200-470-9|CAS:30175-49-6|CAS:60-33-3|CAS:80969-37-5|CHEBI:17351|CHEBI:25047|CHEBI:42395|CHEBI:6479|CHEBI:92157|CHEMBL.COMPOUND:CHEMBL267476|CHV:0000007441|DRUGBANK:DB14104|DRUGCENTRAL:3323|GTOPDB:1052|HMDB:HMDB0000673|KEGG:C01595|LIPIDBANK:DFA0159|LM:FA01030120|MESH:D019787|NCIT:C615|PATHWHIZ.COMPOUND:530|PLANTFA:10093|PUBCHEM:5280450|REACT:R-ALL-1132021|REACT:R-ALL-2046044|REACT:R-ALL-2864095|REACT:R-ALL-400158|REACT:R-ALL-879520|REACT:R-ALL-879655|RM:0149976|RXCUI:6400|SLM:000000407|UMLS:C0023749|UNII:9KJL21T0QJ|VANDF:4020238
23460|Alanine,811|alanine,36,CAS:115967-49-2|CAS:130380-93-7|CAS:18875-37-1|CAS:200-273-8|CAS:25191-17-7|CAS:26336-61-8|CAS:56-41-7|CAS:6898-94-8|CAS:77160-91-9|CHEBI:13069|CHEBI:16977|CHEBI:21216|CHEBI:40734|CHEBI:40735|CHEBI:46308|CHEBI:57972|CHEBI:6171|CHEMBL.COMPOUND:CHEMBL12198|CHEMBL.COMPOUND:CHEMBL279597|DRUGBANK:DB00160|DRUGCENTRAL:4255|HMDB:HMDB0000161|KEGG:C00041|LOINC:LP15331-9|MESH:C019529|MESH:D000409|PUBCHEM:5950|PUBCHEM:7311724|REACT:R-ALL-29432|REACT:R-ALL-352036|REACT:R-ALL-379697|REACT:R-ALL-389664|RM:0135898|RXCUI:426|UMLS:C0001898|UNII:OF5P57N2ZX
23461|Glutamine,100020259|glutamine conjugate of C7H12O2*,43,ATC:A16AA03|CAS:200-292-1|CAS:56-85-9|CHEBI:13110|CHEBI:18050|CHEBI:21308|CHEBI:28300|CHEBI:42812|CHEBI:42814|CHEBI:42899|CHEBI:42943|CHEBI:58359|CHEBI:6227|CHEMBL.COMPOUND:CHEMBL4845925|CHEMBL.COMPOUND:CHEMBL930|CHEMBL.TARGET:CHEMBL2366039|CHV:0000005587|DRUGBANK:DB00130|DRUGCENTRAL:1311|FMA:82752|HMDB:HMDB0000641|KEGG.DRUG:D00015|KEGG:C00064|LOINC:LP15609-8|MESH:D005973|NDDF:000928|NDDF:001873|NDDF:014164|NDDF:074015|PATHWHIZ.COMPOUND:500|PDQ:CDR0000042298|PSY:21190|PUBCHEM:5961|PUBCHEM:6992086|REACT:R-ALL-113522|REACT:R-ALL-212615|REACT:R-ALL-29472|RM:0012560|RXCUI:4885|UMLS:C0017797|UNII:0RH81L854J|VANDF:4025874|VANDF:4027901
23461|Glutamine,100020261|glutamine conjugate of C6H10O2 (1)*,43,ATC:A16AA03|CAS:200-292-1|CAS:56-85-9|CHEBI:13110|CHEBI:18050|CHEBI:21308|CHEBI:28300|CHEBI:42812|CHEBI:42814|CHEBI:42899|CHEBI:42943|CHEBI:58359|CHEBI:6227|CHEMBL.COMPOUND:CHEMBL4845925|CHEMBL.COMPOUND:CHEMBL930|CHEMBL.TARGET:CHEMBL2366039|CHV:0000005587|DRUGBANK:DB00130|DRUGCENTRAL:1311|FMA:82752|HMDB:HMDB0000641|KEGG.DRUG:D00015|KEGG:C00064|LOINC:LP15609-8|MESH:D005973|NDDF:000928|NDDF:001873|NDDF:014164|NDDF:074015|PATHWHIZ.COMPOUND:500|PDQ:CDR0000042298|PSY:21190|PUBCHEM:5961|PUBCHEM:6992086|REACT:R-ALL-113522|REACT:R-ALL-212615|REACT:R-ALL-29472|RM:0012560|RXCUI:4885|UMLS:C0017797|UNII:0RH81L854J|VANDF:4025874|VANDF:4027901
23461|Glutamine,100020262|glutamine conjugate of C6H10O2 (2)*,43,ATC:A16AA03|CAS:200-292-1|CAS:56-85-9|CHEBI:13110|CHEBI:18050|CHEBI:21308|CHEBI:28300|CHEBI:42812|CHEBI:42814|CHEBI:42899|CHEBI:42943|CHEBI:58359|CHEBI:6227|CHEMBL.COMPOUND:CHEMBL4845925|CHEMBL.COMPOUND:CHEMBL930|CHEMBL.TARGET:CHEMBL2366039|CHV:0000005587|DRUGBANK:DB00130|DRUGCENTRAL:1311|FMA:82752|HMDB:HMDB0000641|KEGG.DRUG:D00015|KEGG:C00064|LOINC:LP15609-8|MESH:D005973|NDDF:000928|NDDF:001873|NDDF:014164|NDDF:074015|PATHWHIZ.COMPOUND:500|PDQ:CDR0000042298|PSY:21190|PUBCHEM:5961|PUBCHEM:6992086|REACT:R-ALL-113522|REACT:R-ALL-212615|REACT:R-ALL-29472|RM:0012560|RXCUI:4885|UMLS:C0017797|UNII:0RH81L854J|VANDF:4025874|VANDF:4027901
23461|Glutamine,563|glutamine,43,ATC:A16AA03|CAS:200-292-1|CAS:56-85-9|CHEBI:13110|CHEBI:18050|CHEBI:21308|CHEBI:28300|CHEBI:42812|CHEBI:42814|CHEBI:42899|CHEBI:42943|CHEBI:58359|CHEBI:6227|CHEMBL.COMPOUND:CHEMBL4845925|CHEMBL.COMPOUND:CHEMBL930|CHEMBL.TARGET:CHEMBL2366039|CHV:0000005587|DRUGBANK:DB00130|DRUGCENTRAL:1311|FMA:82752|HMDB:HMDB0000641|KEGG.DRUG:D00015|KEGG:C00064|LOINC:LP15609-8|MESH:D005973|NDDF:000928|NDDF:001873|NDDF:014164|NDDF:074015|PATHWHIZ.COMPOUND:500|PDQ:CDR0000042298|PSY:21190|PUBCHEM:5961|PUBCHEM:6992086|REACT:R-ALL-113522|REACT:R-ALL-212615|REACT:R-ALL-29472|RM:0012560|RXCUI:4885|UMLS:C0017797|UNII:0RH81L854J|VANDF:4025874|VANDF:4027901
23462|Glycine,340|glycine,45,ATC:B05CX03|CAS:200-272-2|CAS:25718-94-9|CAS:56-40-6|CAS:654-407-9|CHEBI:10792|CHEBI:14344|CHEBI:15428|CHEBI:24368|CHEBI:42964|CHEBI:5460|CHEBI:57305|CHEMBL.COMPOUND:CHEMBL4847336|CHEMBL.COMPOUND:CHEMBL773|CHV:0000005603|DRUGBANK:DB00145|DRUGCENTRAL:1319|FMA:82753|GTOPDB:4084|GTOPDB:4635|GTOPDB:727|HMDB:HMDB0000123|KEGG.DRUG:D00011|KEGG:C00037|LOINC:LP15620-5|MESH:C011080|MESH:D005998|NDDF:000929|NDDF:062572|PATHWHIZ.COMPOUND:78|PDQ:CDR0000041347|PSY:21220|PUBCHEM:5257127|PUBCHEM:750|REACT:R-ALL-113545|REACT:R-ALL-159549|REACT:R-ALL-193446|REACT:R-ALL-266029|REACT:R-ALL-29424|REACT:R-ALL-428557|RM:0135888|RXCUI:4919|UMLS:C0017890|UNII:TE7660XO1C|VANDF:4017980
23463|Histidine,355|histidine,35,CAS:200-745-3|CAS:7006-35-1|CAS:71-00-1|CHEBI:13117|CHEBI:15971|CHEBI:21324|CHEBI:43048|CHEBI:43114|CHEBI:43190|CHEBI:43239|CHEBI:57595|CHEBI:6240|CHEMBL.COMPOUND:CHEMBL17962|CHV:0000006162|DRUGBANK:DB00117|FMA:82755|GTOPDB:3310|HMDB:HMDB0000177|KEGG.DRUG:D00032|KEGG:C00135|LOINC:LP15637-9|MESH:D006639|NDDF:014159|PATHWHIZ.COMPOUND:116|PSY:23060|PUBCHEM:6274|PUBCHEM:6971009|REACT:R-ALL-29612|REACT:R-ALL-351970|REACT:R-ALL-379695|REACT:R-ALL-428038|RM:0129894|RXCUI:5340|UNII:4QD397987E|VANDF:4018669
23464|Total concentration of branched-chain amino acids (leucine + isoleucine + valine),376|isoleucine,13,CHEBI:17191|CHEMBL.COMPOUND:CHEMBL4874066|CHV:0000006953|FMA:82756|HMDB:HMDB0000172|KEGG.DRUG:D00065|KEGG:C00407|LM:FA01100047|NDDF:003651|PATHWHIZ.COMPOUND:112|PUBCHEM:6306|RM:0134975|VANDF:4018670
23465|Isoleucine,376|isoleucine,13,CHEBI:17191|CHEMBL.COMPOUND:CHEMBL4874066|CHV:0000006953|FMA:82756|HMDB:HMDB0000172|KEGG.DRUG:D00065|KEGG:C00407|LM:FA01100047|NDDF:003651|PATHWHIZ.COMPOUND:112|PUBCHEM:6306|RM:0134975|VANDF:4018670
23466|Leucine,397|leucine,36,CAS:200-522-0|CAS:61-90-5|CAS:71000-80-1|CHEBI:10866|CHEBI:13131|CHEBI:15603|CHEBI:21348|CHEBI:43646|CHEBI:43695|CHEBI:43733|CHEBI:43814|CHEBI:57427|CHEBI:6260|CHEMBL.COMPOUND:CHEMBL291962|CHEMBL.COMPOUND:CHEMBL4866225|DRUGBANK:DB00149|DRUGCENTRAL:1557|FMA:82757|HMDB:HMDB0000687|KEGG.DRUG:D00030|KEGG:C00123|LOINC:LP15699-9|MESH:D007930|NDDF:005060|PATHWHIZ.COMPOUND:540|PSY:28240|PUBCHEM:6106|PUBCHEM:7045798|REACT:R-ALL-113580|REACT:R-ALL-29588|REACT:R-ALL-351964|RM:0136379|RXCUI:6308|UMLS:C0023401|UNII:GMW67QNF9C|VANDF:4018684
23467|Valine,566|valine,30,CAS:200-773-6|CAS:7004-03-7|CAS:72-18-4|CHEBI:13186|CHEBI:16414|CHEBI:21417|CHEBI:46282|CHEBI:46376|CHEBI:46418|CHEBI:46484|CHEBI:57762|CHEBI:6321|CHEMBL.COMPOUND:CHEMBL43068|DRUGBANK:DB00161|DRUGCENTRAL:4128|HMDB:HMDB0000883|KEGG.DRUG:D00039|KEGG:C00183|LOINC:LP15946-4|MESH:D014633|PATHWHIZ.COMPOUND:704|PUBCHEM:6287|PUBCHEM:6971018|REACT:R-ALL-113540|REACT:R-ALL-29702|REACT:R-ALL-351992|RM:0136018|RXCUI:11115|UMLS:C0042285|UNII:HG18B9YRS7
23468|Phenylalanine,460|phenylalanine,44,CAS:136019-12-0|CAS:200-568-1|CAS:25191-15-5|CAS:63-91-2|CAS:67675-33-6|CHEBI:13151|CHEBI:17295|CHEBI:21370|CHEBI:28044|CHEBI:44851|CHEBI:44885|CHEBI:45079|CHEBI:58095|CHEBI:6282|CHEMBL.COMPOUND:CHEMBL301523|CHEMBL.TARGET:CHEMBL4296171|CHV:0000009610|CHV:0000048802|DRUGBANK:DB00120|DRUGCENTRAL:2144|FMA:82754|GTOPDB:3313|HMDB:HMDB0000159|HMDB:HMDB0256428|KEGG.DRUG:D00021|KEGG:C00079|LOINC:LP15792-2|MESH:D010649|NDDF:003542|NDDF:007247|NDDF:014236|PATHWHIZ.COMPOUND:104|PSY:38220|PUBCHEM:6140|PUBCHEM:6925665|REACT:R-ALL-29502|REACT:R-ALL-351993|REACT:R-ALL-379701|RM:0135897|RXCUI:8156|RXNORM:236948|UMLS:C0031453|UNII:47E5O17Y3R|VANDF:4018673
23469|Tyrosine,815|tyrosine,38,CAS:1189756-47-5|CAS:200-460-4|CAS:55520-40-6|CAS:60-18-4|CHEBI:13181|CHEBI:17895|CHEBI:18186|CHEBI:21411|CHEBI:46070|CHEBI:46161|CHEBI:58315|CHEBI:6313|CHEMBL.COMPOUND:CHEMBL4852071|CHEMBL.COMPOUND:CHEMBL925|DRUGBANK:DB00135|DRUGCENTRAL:2786|FMA:82768|HMDB:HMDB0000158|KEGG.DRUG:D00022|KEGG:C00082|LOINC:LP15793-0|MESH:D014443|NCIT:C61997|NDDF:003449|NDDF:066758|PATHWHIZ.COMPOUND:103|PSY:54590|PUBCHEM:6057|PUBCHEM:6942100|REACT:R-ALL-29506|REACT:R-ALL-352030|REACT:R-ALL-379710|REACT:R-ALL-5668567|RM:0135896|RXCUI:10962|UMLS:C0041485|UNII:42HK56048U|VANDF:4018678
23470|Glucose,572|glucose,33,ATC:B05CX01|ATC:V04CA02|ATC:V06DC01|CAS:200-075-1|CAS:218-914-5|CAS:2280-44-6|CAS:50-99-7|CAS:54-17-1|CAS:807-615-0|CHEBI:4167|CHEMBL.COMPOUND:CHEMBL1222250|CHV:0000005563|CHV:0000028232|CHV:0000028240|FMA:82743|FOODON:03315177|HMDB:HMDB0304632|KEGG.DRUG:D00009|KEGG.ENZYME:1.1.3.4|KEGG:C00031|NCIT:C2831|NCIT:C61650|NCIT:C61716|NCIT:C61717|NDDF:000915|NDDF:002597|NDDF:012094|PATHWHIZ.COMPOUND:395|PATHWHIZ.COMPOUND:57903|PATHWHIZ.COMPOUND:77|PSY:21160|PUBCHEM:5793|RM:0135901
23471|Lactate,482|lactate,12,CAS:201-196-2|CAS:26811-96-1|CAS:79-33-4|CHEMBL.COMPOUND:CHEMBL330546|DRUGBANK:DB14475|HMDB:HMDB0000190|KEGG:C00186|PUBCHEM:107689|RM:0135904|RXCUI:2462499|UMLS:C3537171|UNII:F9S9FFU82N
23472|Pyruvate,823|pyruvate,31,CAS:127-17-3|CAS:204-824-3|CHEBI:26466|CHEBI:32816|CHEBI:45253|CHEBI:8685|CHEMBL.COMPOUND:CHEMBL1162144|CHV:0000010473|CHV:0000014729|CHV:0000025111|DRUGBANK:DB00119|GTOPDB:4809|HMDB:HMDB0000243|KEGG:C00022|LIPIDBANK:DFA0385|LM:FA01060077|MESH:D019289|NCIT:C116012|NDDF:007783|PATHWHIZ.COMPOUND:164|PUBCHEM:1060|RM:0134967|RXCUI:35161|RXNORM:1358847|RXNORM:343286|RXNORM:35161|RXNORM:72031|TTD.TARGET:Pyruvic_acid|TTD.TARGET:Sodium_pyruvate|UMLS:C0072802|UNII:8558G7RUTR
23473|Citrate,1124|citrate,63,ATC:A09AB04|ATC:B05CB02|CAS:106168-20-1|CAS:106809-03-4|CAS:117148-05-7|CAS:125139-08-4|CAS:125139-09-5|CAS:134367-01-4|CAS:141633-96-7|CAS:153301-06-5|CAS:16922-05-7|CAS:201-069-1|CAS:680-681-4|CAS:77-92-9|CAS:79586-22-4|CAS:920-306-6|CAS:921-454-4|CHEBI:23322|CHEBI:30769|CHEBI:3727|CHEBI:41523|CHEMBL.COMPOUND:CHEMBL1261|CHEMBL.COMPOUND:CHEMBL4846208|CHV:0000003012|CHV:0000013757|CHV:0000016504|CHV:0000031721|CHV:0000055779|DRUGBANK:DB04272|DRUGCENTRAL:666|GTOPDB:2478|HMDB:HMDB0000094|KEGG.DRUG:D00037|KEGG.DRUG:D01781|KEGG.DRUG:D05855|KEGG:C00158|KEGG:C13249|MESH:D019343|NCIT:C47452|NCIT:C62075|NCIT:C63374|NCIT:C66542|NCIT:C66642|NCIT:C80088|NCIT:C83678|NDDF:002332|NDDF:002487|NDDF:006406|NDDF:010449|PATHWHIZ.COMPOUND:104585|PATHWHIZ.COMPOUND:63|PDQ:CDR0000361795|PUBCHEM:311|RM:0135884|RXCUI:21183|UMLS:C0055819|UNII:XF417D3PSL|VANDF:4017463|VANDF:4017464|VANDF:4017925|VANDF:4018049|VANDF:4020083|VANDF:4020085
23474|3-Hydroxybutyrate,254|3-hydroxybutyrate (BHBA),8,CHEBI:20067|HMDB:HMDB0000357|KEGG:C01089|LIPIDBANK:DFA0271|LM:FA01050005|PUBCHEM:441|REACT:R-ALL-3296310|RM:0153056
23476|Acetoacetate,1218|acetoacetate,22,CAS:4387-93-3|CAS:541-50-4|CHEBI:15344|CHEBI:22172|CHEBI:2391|CHEBI:40507|CHEMBL.COMPOUND:CHEMBL1230762|DRUGBANK:DB01762|GTOPDB:4522|HMDB:HMDB0000060|KEGG:C00164|LIPIDBANK:DFA0387|LM:FA01060003|MESH:C016635|PATHWHIZ.COMPOUND:42|PUBCHEM:96|REACT:R-ALL-433680|REACT:R-ALL-73909|RM:0153222|SLM:000000867|UMLS:C0050445|UNII:4ZI204Y1MC
23478|Creatinine,275|creatinine,27,CAS:200-466-7|CAS:60-27-5|CAS:82016-55-5|CHEBI:14029|CHEBI:16737|CHEBI:23406|CHEBI:3910|CHEMBL.COMPOUND:CHEMBL4849635|CHEMBL.COMPOUND:CHEMBL65567|CHV:0000003442|DRUGBANK:DB11846|HMDB:HMDB0000562|KEGG:C00791|LOINC:LP14355-9|LOINC:LP32035-5|MESH:D003404|NCIT:C399|PUBCHEM:137319715|PUBCHEM:588|REACT:R-ALL-30733|REACT:R-ALL-446592|RM:0028430|RXCUI:2913|RXNORM:2913|SNOMEDCT:15373003|UMLS:C0010294|UNII:AYI8EX34EU
23484|Cholesterol in chylomicrons and extremely large VLDL,266|cholesterol,60,CAS:129111-15-5|CAS:200-353-2|CAS:22243-67-0|CAS:57-88-5|CAS:80356-14-5|CHEBI:13982|CHEBI:16113|CHEBI:23204|CHEBI:3659|CHEBI:41564|CHEMBL.COMPOUND:CHEMBL112570|CHEMBL.COMPOUND:CHEMBL4866839|CHEMBL.TARGET:CHEMBL4651303|CHV:0000002883|DRUGBANK:DB04540|GTOPDB:2718|HMDB:HMDB0000067|KEGG.DRUG:D00040|KEGG:C00187|LIPIDBANK:SST9061|LM:ST01010001|LOINC:LP100019-1|LOINC:LP15493-7|LOINC:LP18020-5|LOINC:LP32024-9|MESH:D002784|NCIT:C369|NDDF:002556|PATHWHIZ.COMPOUND:47|PSY:09020|PUBCHEM:304|PUBCHEM:5997|REACT:R-ALL-163586|REACT:R-ALL-171069|REACT:R-ALL-171083|REACT:R-ALL-171095|REACT:R-ALL-171135|REACT:R-ALL-171149|REACT:R-ALL-174672|REACT:R-ALL-176478|REACT:R-ALL-193156|REACT:R-ALL-193384|REACT:R-ALL-193840|REACT:R-ALL-196084|REACT:R-ALL-216762|REACT:R-ALL-2239405|REACT:R-ALL-2429660|REACT:R-ALL-8847704|REACT:R-ALL-8848047|REACT:R-ALL-8866305|REACT:R-ALL-8876478|REACT:R-ALL-8951853|RM:0135639|RXCUI:2438|RXNORM:2438|SLM:000000287|SNOMEDCT:84698008|UMLS:C0008377|UNII:97C5T2UQ7J|VANDF:4018648
23486|Free cholesterol in chylomicrons and extremely large VLDL,266|cholesterol,60,CAS:129111-15-5|CAS:200-353-2|CAS:22243-67-0|CAS:57-88-5|CAS:80356-14-5|CHEBI:13982|CHEBI:16113|CHEBI:23204|CHEBI:3659|CHEBI:41564|CHEMBL.COMPOUND:CHEMBL112570|CHEMBL.COMPOUND:CHEMBL4866839|CHEMBL.TARGET:CHEMBL4651303|CHV:0000002883|DRUGBANK:DB04540|GTOPDB:2718|HMDB:HMDB0000067|KEGG.DRUG:D00040|KEGG:C00187|LIPIDBANK:SST9061|LM:ST01010001|LOINC:LP100019-1|LOINC:LP15493-7|LOINC:LP18020-5|LOINC:LP32024-9|MESH:D002784|NCIT:C369|NDDF:002556|PATHWHIZ.COMPOUND:47|PSY:09020|PUBCHEM:304|PUBCHEM:5997|REACT:R-ALL-163586|REACT:R-ALL-171069|REACT:R-ALL-171083|REACT:R-ALL-171095|REACT:R-ALL-171135|REACT:R-ALL-171149|REACT:R-ALL-174672|REACT:R-ALL-176478|REACT:R-ALL-193156|REACT:R-ALL-193384|REACT:R-ALL-193840|REACT:R-ALL-196084|REACT:R-ALL-216762|REACT:R-ALL-2239405|REACT:R-ALL-2429660|REACT:R-ALL-8847704|REACT:R-ALL-8848047|REACT:R-ALL-8866305|REACT:R-ALL-8876478|REACT:R-ALL-8951853|RM:0135639|RXCUI:2438|RXNORM:2438|SLM:000000287|SNOMEDCT:84698008|UMLS:C0008377|UNII:97C5T2UQ7J|VANDF:4018648
23491|Cholesterol in very large VLDL,266|cholesterol,60,CAS:129111-15-5|CAS:200-353-2|CAS:22243-67-0|CAS:57-88-5|CAS:80356-14-5|CHEBI:13982|CHEBI:16113|CHEBI:23204|CHEBI:3659|CHEBI:41564|CHEMBL.COMPOUND:CHEMBL112570|CHEMBL.COMPOUND:CHEMBL4866839|CHEMBL.TARGET:CHEMBL4651303|CHV:0000002883|DRUGBANK:DB04540|GTOPDB:2718|HMDB:HMDB0000067|KEGG.DRUG:D00040|KEGG:C00187|LIPIDBANK:SST9061|LM:ST01010001|LOINC:LP100019-1|LOINC:LP15493-7|LOINC:LP18020-5|LOINC:LP32024-9|MESH:D002784|NCIT:C369|NDDF:002556|PATHWHIZ.COMPOUND:47|PSY:09020|PUBCHEM:304|PUBCHEM:5997|REACT:R-ALL-163586|REACT:R-ALL-171069|REACT:R-ALL-171083|REACT:R-ALL-171095|REACT:R-ALL-171135|REACT:R-ALL-171149|REACT:R-ALL-174672|REACT:R-ALL-176478|REACT:R-ALL-193156|REACT:R-ALL-193384|REACT:R-ALL-193840|REACT:R-ALL-196084|REACT:R-ALL-216762|REACT:R-ALL-2239405|REACT:R-ALL-2429660|REACT:R-ALL-8847704|REACT:R-ALL-8848047|REACT:R-ALL-8866305|REACT:R-ALL-8876478|REACT:R-ALL-8951853|RM:0135639|RXCUI:2438|RXNORM:2438|SLM:000000287|SNOMEDCT:84698008|UMLS:C0008377|UNII:97C5T2UQ7J|VANDF:4018648
23493|Free cholesterol in very large VLDL,266|cholesterol,60,CAS:129111-15-5|CAS:200-353-2|CAS:22243-67-0|CAS:57-88-5|CAS:80356-14-5|CHEBI:13982|CHEBI:16113|CHEBI:23204|CHEBI:3659|CHEBI:41564|CHEMBL.COMPOUND:CHEMBL112570|CHEMBL.COMPOUND:CHEMBL4866839|CHEMBL.TARGET:CHEMBL4651303|CHV:0000002883|DRUGBANK:DB04540|GTOPDB:2718|HMDB:HMDB0000067|KEGG.DRUG:D00040|KEGG:C00187|LIPIDBANK:SST9061|LM:ST01010001|LOINC:LP100019-1|LOINC:LP15493-7|LOINC:LP18020-5|LOINC:LP32024-9|MESH:D002784|NCIT:C369|NDDF:002556|PATHWHIZ.COMPOUND:47|PSY:09020|PUBCHEM:304|PUBCHEM:5997|REACT:R-ALL-163586|REACT:R-ALL-171069|REACT:R-ALL-171083|REACT:R-ALL-171095|REACT:R-ALL-171135|REACT:R-ALL-171149|REACT:R-ALL-174672|REACT:R-ALL-176478|REACT:R-ALL-193156|REACT:R-ALL-193384|REACT:R-ALL-193840|REACT:R-ALL-196084|REACT:R-ALL-216762|REACT:R-ALL-2239405|REACT:R-ALL-2429660|REACT:R-ALL-8847704|REACT:R-ALL-8848047|REACT:R-ALL-8866305|REACT:R-ALL-8876478|REACT:R-ALL-8951853|RM:0135639|RXCUI:2438|RXNORM:2438|SLM:000000287|SNOMEDCT:84698008|UMLS:C0008377|UNII:97C5T2UQ7J|VANDF:4018648
23498|Cholesterol in large VLDL,266|cholesterol,60,CAS:129111-15-5|CAS:200-353-2|CAS:22243-67-0|CAS:57-88-5|CAS:80356-14-5|CHEBI:13982|CHEBI:16113|CHEBI:23204|CHEBI:3659|CHEBI:41564|CHEMBL.COMPOUND:CHEMBL112570|CHEMBL.COMPOUND:CHEMBL4866839|CHEMBL.TARGET:CHEMBL4651303|CHV:0000002883|DRUGBANK:DB04540|GTOPDB:2718|HMDB:HMDB0000067|KEGG.DRUG:D00040|KEGG:C00187|LIPIDBANK:SST9061|LM:ST01010001|LOINC:LP100019-1|LOINC:LP15493-7|LOINC:LP18020-5|LOINC:LP32024-9|MESH:D002784|NCIT:C369|NDDF:002556|PATHWHIZ.COMPOUND:47|PSY:09020|PUBCHEM:304|PUBCHEM:5997|REACT:R-ALL-163586|REACT:R-ALL-171069|REACT:R-ALL-171083|REACT:R-ALL-171095|REACT:R-ALL-171135|REACT:R-ALL-171149|REACT:R-ALL-174672|REACT:R-ALL-176478|REACT:R-ALL-193156|REACT:R-ALL-193384|REACT:R-ALL-193840|REACT:R-ALL-196084|REACT:R-ALL-216762|REACT:R-ALL-2239405|REACT:R-ALL-2429660|REACT:R-ALL-8847704|REACT:R-ALL-8848047|REACT:R-ALL-8866305|REACT:R-ALL-8876478|REACT:R-ALL-8951853|RM:0135639|RXCUI:2438|RXNORM:2438|SLM:000000287|SNOMEDCT:84698008|UMLS:C0008377|UNII:97C5T2UQ7J|VANDF:4018648
23500|Free cholesterol in large VLDL,266|cholesterol,60,CAS:129111-15-5|CAS:200-353-2|CAS:22243-67-0|CAS:57-88-5|CAS:80356-14-5|CHEBI:13982|CHEBI:16113|CHEBI:23204|CHEBI:3659|CHEBI:41564|CHEMBL.COMPOUND:CHEMBL112570|CHEMBL.COMPOUND:CHEMBL4866839|CHEMBL.TARGET:CHEMBL4651303|CHV:0000002883|DRUGBANK:DB04540|GTOPDB:2718|HMDB:HMDB0000067|KEGG.DRUG:D00040|KEGG:C00187|LIPIDBANK:SST9061|LM:ST01010001|LOINC:LP100019-1|LOINC:LP15493-7|LOINC:LP18020-5|LOINC:LP32024-9|MESH:D002784|NCIT:C369|NDDF:002556|PATHWHIZ.COMPOUND:47|PSY:09020|PUBCHEM:304|PUBCHEM:5997|REACT:R-ALL-163586|REACT:R-ALL-171069|REACT:R-ALL-171083|REACT:R-ALL-171095|REACT:R-ALL-171135|REACT:R-ALL-171149|REACT:R-ALL-174672|REACT:R-ALL-176478|REACT:R-ALL-193156|REACT:R-ALL-193384|REACT:R-ALL-193840|REACT:R-ALL-196084|REACT:R-ALL-216762|REACT:R-ALL-2239405|REACT:R-ALL-2429660|REACT:R-ALL-8847704|REACT:R-ALL-8848047|REACT:R-ALL-8866305|REACT:R-ALL-8876478|REACT:R-ALL-8951853|RM:0135639|RXCUI:2438|RXNORM:2438|SLM:000000287|SNOMEDCT:84698008|UMLS:C0008377|UNII:97C5T2UQ7J|VANDF:4018648
23505|Cholesterol in medium VLDL,266|cholesterol,60,CAS:129111-15-5|CAS:200-353-2|CAS:22243-67-0|CAS:57-88-5|CAS:80356-14-5|CHEBI:13982|CHEBI:16113|CHEBI:23204|CHEBI:3659|CHEBI:41564|CHEMBL.COMPOUND:CHEMBL112570|CHEMBL.COMPOUND:CHEMBL4866839|CHEMBL.TARGET:CHEMBL4651303|CHV:0000002883|DRUGBANK:DB04540|GTOPDB:2718|HMDB:HMDB0000067|KEGG.DRUG:D00040|KEGG:C00187|LIPIDBANK:SST9061|LM:ST01010001|LOINC:LP100019-1|LOINC:LP15493-7|LOINC:LP18020-5|LOINC:LP32024-9|MESH:D002784|NCIT:C369|NDDF:002556|PATHWHIZ.COMPOUND:47|PSY:09020|PUBCHEM:304|PUBCHEM:5997|REACT:R-ALL-163586|REACT:R-ALL-171069|REACT:R-ALL-171083|REACT:R-ALL-171095|REACT:R-ALL-171135|REACT:R-ALL-171149|REACT:R-ALL-174672|REACT:R-ALL-176478|REACT:R-ALL-193156|REACT:R-ALL-193384|REACT:R-ALL-193840|REACT:R-ALL-196084|REACT:R-ALL-216762|REACT:R-ALL-2239405|REACT:R-ALL-2429660|REACT:R-ALL-8847704|REACT:R-ALL-8848047|REACT:R-ALL-8866305|REACT:R-ALL-8876478|REACT:R-ALL-8951853|RM:0135639|RXCUI:2438|RXNORM:2438|SLM:000000287|SNOMEDCT:84698008|UMLS:C0008377|UNII:97C5T2UQ7J|VANDF:4018648
23507|Free cholesterol in medium VLDL,266|cholesterol,60,CAS:129111-15-5|CAS:200-353-2|CAS:22243-67-0|CAS:57-88-5|CAS:80356-14-5|CHEBI:13982|CHEBI:16113|CHEBI:23204|CHEBI:3659|CHEBI:41564|CHEMBL.COMPOUND:CHEMBL112570|CHEMBL.COMPOUND:CHEMBL4866839|CHEMBL.TARGET:CHEMBL4651303|CHV:0000002883|DRUGBANK:DB04540|GTOPDB:2718|HMDB:HMDB0000067|KEGG.DRUG:D00040|KEGG:C00187|LIPIDBANK:SST9061|LM:ST01010001|LOINC:LP100019-1|LOINC:LP15493-7|LOINC:LP18020-5|LOINC:LP32024-9|MESH:D002784|NCIT:C369|NDDF:002556|PATHWHIZ.COMPOUND:47|PSY:09020|PUBCHEM:304|PUBCHEM:5997|REACT:R-ALL-163586|REACT:R-ALL-171069|REACT:R-ALL-171083|REACT:R-ALL-171095|REACT:R-ALL-171135|REACT:R-ALL-171149|REACT:R-ALL-174672|REACT:R-ALL-176478|REACT:R-ALL-193156|REACT:R-ALL-193384|REACT:R-ALL-193840|REACT:R-ALL-196084|REACT:R-ALL-216762|REACT:R-ALL-2239405|REACT:R-ALL-2429660|REACT:R-ALL-8847704|REACT:R-ALL-8848047|REACT:R-ALL-8866305|REACT:R-ALL-8876478|REACT:R-ALL-8951853|RM:0135639|RXCUI:2438|RXNORM:2438|SLM:000000287|SNOMEDCT:84698008|UMLS:C0008377|UNII:97C5T2UQ7J|VANDF:4018648
23512|Cholesterol in small VLDL,266|cholesterol,60,CAS:129111-15-5|CAS:200-353-2|CAS:22243-67-0|CAS:57-88-5|CAS:80356-14-5|CHEBI:13982|CHEBI:16113|CHEBI:23204|CHEBI:3659|CHEBI:41564|CHEMBL.COMPOUND:CHEMBL112570|CHEMBL.COMPOUND:CHEMBL4866839|CHEMBL.TARGET:CHEMBL4651303|CHV:0000002883|DRUGBANK:DB04540|GTOPDB:2718|HMDB:HMDB0000067|KEGG.DRUG:D00040|KEGG:C00187|LIPIDBANK:SST9061|LM:ST01010001|LOINC:LP100019-1|LOINC:LP15493-7|LOINC:LP18020-5|LOINC:LP32024-9|MESH:D002784|NCIT:C369|NDDF:002556|PATHWHIZ.COMPOUND:47|PSY:09020|PUBCHEM:304|PUBCHEM:5997|REACT:R-ALL-163586|REACT:R-ALL-171069|REACT:R-ALL-171083|REACT:R-ALL-171095|REACT:R-ALL-171135|REACT:R-ALL-171149|REACT:R-ALL-174672|REACT:R-ALL-176478|REACT:R-ALL-193156|REACT:R-ALL-193384|REACT:R-ALL-193840|REACT:R-ALL-196084|REACT:R-ALL-216762|REACT:R-ALL-2239405|REACT:R-ALL-2429660|REACT:R-ALL-8847704|REACT:R-ALL-8848047|REACT:R-ALL-8866305|REACT:R-ALL-8876478|REACT:R-ALL-8951853|RM:0135639|RXCUI:2438|RXNORM:2438|SLM:000000287|SNOMEDCT:84698008|UMLS:C0008377|UNII:97C5T2UQ7J|VANDF:4018648
23514|Free cholesterol in small VLDL,266|cholesterol,60,CAS:129111-15-5|CAS:200-353-2|CAS:22243-67-0|CAS:57-88-5|CAS:80356-14-5|CHEBI:13982|CHEBI:16113|CHEBI:23204|CHEBI:3659|CHEBI:41564|CHEMBL.COMPOUND:CHEMBL112570|CHEMBL.COMPOUND:CHEMBL4866839|CHEMBL.TARGET:CHEMBL4651303|CHV:0000002883|DRUGBANK:DB04540|GTOPDB:2718|HMDB:HMDB0000067|KEGG.DRUG:D00040|KEGG:C00187|LIPIDBANK:SST9061|LM:ST01010001|LOINC:LP100019-1|LOINC:LP15493-7|LOINC:LP18020-5|LOINC:LP32024-9|MESH:D002784|NCIT:C369|NDDF:002556|PATHWHIZ.COMPOUND:47|PSY:09020|PUBCHEM:304|PUBCHEM:5997|REACT:R-ALL-163586|REACT:R-ALL-171069|REACT:R-ALL-171083|REACT:R-ALL-171095|REACT:R-ALL-171135|REACT:R-ALL-171149|REACT:R-ALL-174672|REACT:R-ALL-176478|REACT:R-ALL-193156|REACT:R-ALL-193384|REACT:R-ALL-193840|REACT:R-ALL-196084|REACT:R-ALL-216762|REACT:R-ALL-2239405|REACT:R-ALL-2429660|REACT:R-ALL-8847704|REACT:R-ALL-8848047|REACT:R-ALL-8866305|REACT:R-ALL-8876478|REACT:R-ALL-8951853|RM:0135639|RXCUI:2438|RXNORM:2438|SLM:000000287|SNOMEDCT:84698008|UMLS:C0008377|UNII:97C5T2UQ7J|VANDF:4018648
23519|Cholesterol in very small VLDL,266|cholesterol,60,CAS:129111-15-5|CAS:200-353-2|CAS:22243-67-0|CAS:57-88-5|CAS:80356-14-5|CHEBI:13982|CHEBI:16113|CHEBI:23204|CHEBI:3659|CHEBI:41564|CHEMBL.COMPOUND:CHEMBL112570|CHEMBL.COMPOUND:CHEMBL4866839|CHEMBL.TARGET:CHEMBL4651303|CHV:0000002883|DRUGBANK:DB04540|GTOPDB:2718|HMDB:HMDB0000067|KEGG.DRUG:D00040|KEGG:C00187|LIPIDBANK:SST9061|LM:ST01010001|LOINC:LP100019-1|LOINC:LP15493-7|LOINC:LP18020-5|LOINC:LP32024-9|MESH:D002784|NCIT:C369|NDDF:002556|PATHWHIZ.COMPOUND:47|PSY:09020|PUBCHEM:304|PUBCHEM:5997|REACT:R-ALL-163586|REACT:R-ALL-171069|REACT:R-ALL-171083|REACT:R-ALL-171095|REACT:R-ALL-171135|REACT:R-ALL-171149|REACT:R-ALL-174672|REACT:R-ALL-176478|REACT:R-ALL-193156|REACT:R-ALL-193384|REACT:R-ALL-193840|REACT:R-ALL-196084|REACT:R-ALL-216762|REACT:R-ALL-2239405|REACT:R-ALL-2429660|REACT:R-ALL-8847704|REACT:R-ALL-8848047|REACT:R-ALL-8866305|REACT:R-ALL-8876478|REACT:R-ALL-8951853|RM:0135639|RXCUI:2438|RXNORM:2438|SLM:000000287|SNOMEDCT:84698008|UMLS:C0008377|UNII:97C5T2UQ7J|VANDF:4018648
23521|Free cholesterol in very small VLDL,266|cholesterol,60,CAS:129111-15-5|CAS:200-353-2|CAS:22243-67-0|CAS:57-88-5|CAS:80356-14-5|CHEBI:13982|CHEBI:16113|CHEBI:23204|CHEBI:3659|CHEBI:41564|CHEMBL.COMPOUND:CHEMBL112570|CHEMBL.COMPOUND:CHEMBL4866839|CHEMBL.TARGET:CHEMBL4651303|CHV:0000002883|DRUGBANK:DB04540|GTOPDB:2718|HMDB:HMDB0000067|KEGG.DRUG:D00040|KEGG:C00187|LIPIDBANK:SST9061|LM:ST01010001|LOINC:LP100019-1|LOINC:LP15493-7|LOINC:LP18020-5|LOINC:LP32024-9|MESH:D002784|NCIT:C369|NDDF:002556|PATHWHIZ.COMPOUND:47|PSY:09020|PUBCHEM:304|PUBCHEM:5997|REACT:R-ALL-163586|REACT:R-ALL-171069|REACT:R-ALL-171083|REACT:R-ALL-171095|REACT:R-ALL-171135|REACT:R-ALL-171149|REACT:R-ALL-174672|REACT:R-ALL-176478|REACT:R-ALL-193156|REACT:R-ALL-193384|REACT:R-ALL-193840|REACT:R-ALL-196084|REACT:R-ALL-216762|REACT:R-ALL-2239405|REACT:R-ALL-2429660|REACT:R-ALL-8847704|REACT:R-ALL-8848047|REACT:R-ALL-8866305|REACT:R-ALL-8876478|REACT:R-ALL-8951853|RM:0135639|RXCUI:2438|RXNORM:2438|SLM:000000287|SNOMEDCT:84698008|UMLS:C0008377|UNII:97C5T2UQ7J|VANDF:4018648
23526|Cholesterol in IDL,266|cholesterol,60,CAS:129111-15-5|CAS:200-353-2|CAS:22243-67-0|CAS:57-88-5|CAS:80356-14-5|CHEBI:13982|CHEBI:16113|CHEBI:23204|CHEBI:3659|CHEBI:41564|CHEMBL.COMPOUND:CHEMBL112570|CHEMBL.COMPOUND:CHEMBL4866839|CHEMBL.TARGET:CHEMBL4651303|CHV:0000002883|DRUGBANK:DB04540|GTOPDB:2718|HMDB:HMDB0000067|KEGG.DRUG:D00040|KEGG:C00187|LIPIDBANK:SST9061|LM:ST01010001|LOINC:LP100019-1|LOINC:LP15493-7|LOINC:LP18020-5|LOINC:LP32024-9|MESH:D002784|NCIT:C369|NDDF:002556|PATHWHIZ.COMPOUND:47|PSY:09020|PUBCHEM:304|PUBCHEM:5997|REACT:R-ALL-163586|REACT:R-ALL-171069|REACT:R-ALL-171083|REACT:R-ALL-171095|REACT:R-ALL-171135|REACT:R-ALL-171149|REACT:R-ALL-174672|REACT:R-ALL-176478|REACT:R-ALL-193156|REACT:R-ALL-193384|REACT:R-ALL-193840|REACT:R-ALL-196084|REACT:R-ALL-216762|REACT:R-ALL-2239405|REACT:R-ALL-2429660|REACT:R-ALL-8847704|REACT:R-ALL-8848047|REACT:R-ALL-8866305|REACT:R-ALL-8876478|REACT:R-ALL-8951853|RM:0135639|RXCUI:2438|RXNORM:2438|SLM:000000287|SNOMEDCT:84698008|UMLS:C0008377|UNII:97C5T2UQ7J|VANDF:4018648
23528|Free cholesterol in IDL,266|cholesterol,60,CAS:129111-15-5|CAS:200-353-2|CAS:22243-67-0|CAS:57-88-5|CAS:80356-14-5|CHEBI:13982|CHEBI:16113|CHEBI:23204|CHEBI:3659|CHEBI:41564|CHEMBL.COMPOUND:CHEMBL112570|CHEMBL.COMPOUND:CHEMBL4866839|CHEMBL.TARGET:CHEMBL4651303|CHV:0000002883|DRUGBANK:DB04540|GTOPDB:2718|HMDB:HMDB0000067|KEGG.DRUG:D00040|KEGG:C00187|LIPIDBANK:SST9061|LM:ST01010001|LOINC:LP100019-1|LOINC:LP15493-7|LOINC:LP18020-5|LOINC:LP32024-9|MESH:D002784|NCIT:C369|NDDF:002556|PATHWHIZ.COMPOUND:47|PSY:09020|PUBCHEM:304|PUBCHEM:5997|REACT:R-ALL-163586|REACT:R-ALL-171069|REACT:R-ALL-171083|REACT:R-ALL-171095|REACT:R-ALL-171135|REACT:R-ALL-171149|REACT:R-ALL-174672|REACT:R-ALL-176478|REACT:R-ALL-193156|REACT:R-ALL-193384|REACT:R-ALL-193840|REACT:R-ALL-196084|REACT:R-ALL-216762|REACT:R-ALL-2239405|REACT:R-ALL-2429660|REACT:R-ALL-8847704|REACT:R-ALL-8848047|REACT:R-ALL-8866305|REACT:R-ALL-8876478|REACT:R-ALL-8951853|RM:0135639|RXCUI:2438|RXNORM:2438|SLM:000000287|SNOMEDCT:84698008|UMLS:C0008377|UNII:97C5T2UQ7J|VANDF:4018648
23533|Cholesterol in large LDL,266|cholesterol,60,CAS:129111-15-5|CAS:200-353-2|CAS:22243-67-0|CAS:57-88-5|CAS:80356-14-5|CHEBI:13982|CHEBI:16113|CHEBI:23204|CHEBI:3659|CHEBI:41564|CHEMBL.COMPOUND:CHEMBL112570|CHEMBL.COMPOUND:CHEMBL4866839|CHEMBL.TARGET:CHEMBL4651303|CHV:0000002883|DRUGBANK:DB04540|GTOPDB:2718|HMDB:HMDB0000067|KEGG.DRUG:D00040|KEGG:C00187|LIPIDBANK:SST9061|LM:ST01010001|LOINC:LP100019-1|LOINC:LP15493-7|LOINC:LP18020-5|LOINC:LP32024-9|MESH:D002784|NCIT:C369|NDDF:002556|PATHWHIZ.COMPOUND:47|PSY:09020|PUBCHEM:304|PUBCHEM:5997|REACT:R-ALL-163586|REACT:R-ALL-171069|REACT:R-ALL-171083|REACT:R-ALL-171095|REACT:R-ALL-171135|REACT:R-ALL-171149|REACT:R-ALL-174672|REACT:R-ALL-176478|REACT:R-ALL-193156|REACT:R-ALL-193384|REACT:R-ALL-193840|REACT:R-ALL-196084|REACT:R-ALL-216762|REACT:R-ALL-2239405|REACT:R-ALL-2429660|REACT:R-ALL-8847704|REACT:R-ALL-8848047|REACT:R-ALL-8866305|REACT:R-ALL-8876478|REACT:R-ALL-8951853|RM:0135639|RXCUI:2438|RXNORM:2438|SLM:000000287|SNOMEDCT:84698008|UMLS:C0008377|UNII:97C5T2UQ7J|VANDF:4018648
23535|Free cholesterol in large LDL,266|cholesterol,60,CAS:129111-15-5|CAS:200-353-2|CAS:22243-67-0|CAS:57-88-5|CAS:80356-14-5|CHEBI:13982|CHEBI:16113|CHEBI:23204|CHEBI:3659|CHEBI:41564|CHEMBL.COMPOUND:CHEMBL112570|CHEMBL.COMPOUND:CHEMBL4866839|CHEMBL.TARGET:CHEMBL4651303|CHV:0000002883|DRUGBANK:DB04540|GTOPDB:2718|HMDB:HMDB0000067|KEGG.DRUG:D00040|KEGG:C00187|LIPIDBANK:SST9061|LM:ST01010001|LOINC:LP100019-1|LOINC:LP15493-7|LOINC:LP18020-5|LOINC:LP32024-9|MESH:D002784|NCIT:C369|NDDF:002556|PATHWHIZ.COMPOUND:47|PSY:09020|PUBCHEM:304|PUBCHEM:5997|REACT:R-ALL-163586|REACT:R-ALL-171069|REACT:R-ALL-171083|REACT:R-ALL-171095|REACT:R-ALL-171135|REACT:R-ALL-171149|REACT:R-ALL-174672|REACT:R-ALL-176478|REACT:R-ALL-193156|REACT:R-ALL-193384|REACT:R-ALL-193840|REACT:R-ALL-196084|REACT:R-ALL-216762|REACT:R-ALL-2239405|REACT:R-ALL-2429660|REACT:R-ALL-8847704|REACT:R-ALL-8848047|REACT:R-ALL-8866305|REACT:R-ALL-8876478|REACT:R-ALL-8951853|RM:0135639|RXCUI:2438|RXNORM:2438|SLM:000000287|SNOMEDCT:84698008|UMLS:C0008377|UNII:97C5T2UQ7J|VANDF:4018648
23537|Concentration of medium LDL particles,100021015|branched-chain fatty acid 18:0 (2)**,8,CHEBI:59554|CHV:0000038073|KEGG:C21925|NCIT:C68391|REACT:R-ALL-5690071|REACT:R-ALL-5690530|REACT:R-ALL-5690531|UMLS:C0522094
23539|Phospholipids in medium LDL,100021015|branched-chain fatty acid 18:0 (2)**,8,CHEBI:59554|CHV:0000038073|KEGG:C21925|NCIT:C68391|REACT:R-ALL-5690071|REACT:R-ALL-5690530|REACT:R-ALL-5690531|UMLS:C0522094
23540|Cholesterol in medium LDL,266|cholesterol,60,CAS:129111-15-5|CAS:200-353-2|CAS:22243-67-0|CAS:57-88-5|CAS:80356-14-5|CHEBI:13982|CHEBI:16113|CHEBI:23204|CHEBI:3659|CHEBI:41564|CHEMBL.COMPOUND:CHEMBL112570|CHEMBL.COMPOUND:CHEMBL4866839|CHEMBL.TARGET:CHEMBL4651303|CHV:0000002883|DRUGBANK:DB04540|GTOPDB:2718|HMDB:HMDB0000067|KEGG.DRUG:D00040|KEGG:C00187|LIPIDBANK:SST9061|LM:ST01010001|LOINC:LP100019-1|LOINC:LP15493-7|LOINC:LP18020-5|LOINC:LP32024-9|MESH:D002784|NCIT:C369|NDDF:002556|PATHWHIZ.COMPOUND:47|PSY:09020|PUBCHEM:304|PUBCHEM:5997|REACT:R-ALL-163586|REACT:R-ALL-171069|REACT:R-ALL-171083|REACT:R-ALL-171095|REACT:R-ALL-171135|REACT:R-ALL-171149|REACT:R-ALL-174672|REACT:R-ALL-176478|REACT:R-ALL-193156|REACT:R-ALL-193384|REACT:R-ALL-193840|REACT:R-ALL-196084|REACT:R-ALL-216762|REACT:R-ALL-2239405|REACT:R-ALL-2429660|REACT:R-ALL-8847704|REACT:R-ALL-8848047|REACT:R-ALL-8866305|REACT:R-ALL-8876478|REACT:R-ALL-8951853|RM:0135639|RXCUI:2438|RXNORM:2438|SLM:000000287|SNOMEDCT:84698008|UMLS:C0008377|UNII:97C5T2UQ7J|VANDF:4018648
23542|Free cholesterol in medium LDL,266|cholesterol,60,CAS:129111-15-5|CAS:200-353-2|CAS:22243-67-0|CAS:57-88-5|CAS:80356-14-5|CHEBI:13982|CHEBI:16113|CHEBI:23204|CHEBI:3659|CHEBI:41564|CHEMBL.COMPOUND:CHEMBL112570|CHEMBL.COMPOUND:CHEMBL4866839|CHEMBL.TARGET:CHEMBL4651303|CHV:0000002883|DRUGBANK:DB04540|GTOPDB:2718|HMDB:HMDB0000067|KEGG.DRUG:D00040|KEGG:C00187|LIPIDBANK:SST9061|LM:ST01010001|LOINC:LP100019-1|LOINC:LP15493-7|LOINC:LP18020-5|LOINC:LP32024-9|MESH:D002784|NCIT:C369|NDDF:002556|PATHWHIZ.COMPOUND:47|PSY:09020|PUBCHEM:304|PUBCHEM:5997|REACT:R-ALL-163586|REACT:R-ALL-171069|REACT:R-ALL-171083|REACT:R-ALL-171095|REACT:R-ALL-171135|REACT:R-ALL-171149|REACT:R-ALL-174672|REACT:R-ALL-176478|REACT:R-ALL-193156|REACT:R-ALL-193384|REACT:R-ALL-193840|REACT:R-ALL-196084|REACT:R-ALL-216762|REACT:R-ALL-2239405|REACT:R-ALL-2429660|REACT:R-ALL-8847704|REACT:R-ALL-8848047|REACT:R-ALL-8866305|REACT:R-ALL-8876478|REACT:R-ALL-8951853|RM:0135639|RXCUI:2438|RXNORM:2438|SLM:000000287|SNOMEDCT:84698008|UMLS:C0008377|UNII:97C5T2UQ7J|VANDF:4018648
23547|Cholesterol in small LDL,266|cholesterol,60,CAS:129111-15-5|CAS:200-353-2|CAS:22243-67-0|CAS:57-88-5|CAS:80356-14-5|CHEBI:13982|CHEBI:16113|CHEBI:23204|CHEBI:3659|CHEBI:41564|CHEMBL.COMPOUND:CHEMBL112570|CHEMBL.COMPOUND:CHEMBL4866839|CHEMBL.TARGET:CHEMBL4651303|CHV:0000002883|DRUGBANK:DB04540|GTOPDB:2718|HMDB:HMDB0000067|KEGG.DRUG:D00040|KEGG:C00187|LIPIDBANK:SST9061|LM:ST01010001|LOINC:LP100019-1|LOINC:LP15493-7|LOINC:LP18020-5|LOINC:LP32024-9|MESH:D002784|NCIT:C369|NDDF:002556|PATHWHIZ.COMPOUND:47|PSY:09020|PUBCHEM:304|PUBCHEM:5997|REACT:R-ALL-163586|REACT:R-ALL-171069|REACT:R-ALL-171083|REACT:R-ALL-171095|REACT:R-ALL-171135|REACT:R-ALL-171149|REACT:R-ALL-174672|REACT:R-ALL-176478|REACT:R-ALL-193156|REACT:R-ALL-193384|REACT:R-ALL-193840|REACT:R-ALL-196084|REACT:R-ALL-216762|REACT:R-ALL-2239405|REACT:R-ALL-2429660|REACT:R-ALL-8847704|REACT:R-ALL-8848047|REACT:R-ALL-8866305|REACT:R-ALL-8876478|REACT:R-ALL-8951853|RM:0135639|RXCUI:2438|RXNORM:2438|SLM:000000287|SNOMEDCT:84698008|UMLS:C0008377|UNII:97C5T2UQ7J|VANDF:4018648
23549|Free cholesterol in small LDL,266|cholesterol,60,CAS:129111-15-5|CAS:200-353-2|CAS:22243-67-0|CAS:57-88-5|CAS:80356-14-5|CHEBI:13982|CHEBI:16113|CHEBI:23204|CHEBI:3659|CHEBI:41564|CHEMBL.COMPOUND:CHEMBL112570|CHEMBL.COMPOUND:CHEMBL4866839|CHEMBL.TARGET:CHEMBL4651303|CHV:0000002883|DRUGBANK:DB04540|GTOPDB:2718|HMDB:HMDB0000067|KEGG.DRUG:D00040|KEGG:C00187|LIPIDBANK:SST9061|LM:ST01010001|LOINC:LP100019-1|LOINC:LP15493-7|LOINC:LP18020-5|LOINC:LP32024-9|MESH:D002784|NCIT:C369|NDDF:002556|PATHWHIZ.COMPOUND:47|PSY:09020|PUBCHEM:304|PUBCHEM:5997|REACT:R-ALL-163586|REACT:R-ALL-171069|REACT:R-ALL-171083|REACT:R-ALL-171095|REACT:R-ALL-171135|REACT:R-ALL-171149|REACT:R-ALL-174672|REACT:R-ALL-176478|REACT:R-ALL-193156|REACT:R-ALL-193384|REACT:R-ALL-193840|REACT:R-ALL-196084|REACT:R-ALL-216762|REACT:R-ALL-2239405|REACT:R-ALL-2429660|REACT:R-ALL-8847704|REACT:R-ALL-8848047|REACT:R-ALL-8866305|REACT:R-ALL-8876478|REACT:R-ALL-8951853|RM:0135639|RXCUI:2438|RXNORM:2438|SLM:000000287|SNOMEDCT:84698008|UMLS:C0008377|UNII:97C5T2UQ7J|VANDF:4018648
23554|Cholesterol in very large HDL,266|cholesterol,60,CAS:129111-15-5|CAS:200-353-2|CAS:22243-67-0|CAS:57-88-5|CAS:80356-14-5|CHEBI:13982|CHEBI:16113|CHEBI:23204|CHEBI:3659|CHEBI:41564|CHEMBL.COMPOUND:CHEMBL112570|CHEMBL.COMPOUND:CHEMBL4866839|CHEMBL.TARGET:CHEMBL4651303|CHV:0000002883|DRUGBANK:DB04540|GTOPDB:2718|HMDB:HMDB0000067|KEGG.DRUG:D00040|KEGG:C00187|LIPIDBANK:SST9061|LM:ST01010001|LOINC:LP100019-1|LOINC:LP15493-7|LOINC:LP18020-5|LOINC:LP32024-9|MESH:D002784|NCIT:C369|NDDF:002556|PATHWHIZ.COMPOUND:47|PSY:09020|PUBCHEM:304|PUBCHEM:5997|REACT:R-ALL-163586|REACT:R-ALL-171069|REACT:R-ALL-171083|REACT:R-ALL-171095|REACT:R-ALL-171135|REACT:R-ALL-171149|REACT:R-ALL-174672|REACT:R-ALL-176478|REACT:R-ALL-193156|REACT:R-ALL-193384|REACT:R-ALL-193840|REACT:R-ALL-196084|REACT:R-ALL-216762|REACT:R-ALL-2239405|REACT:R-ALL-2429660|REACT:R-ALL-8847704|REACT:R-ALL-8848047|REACT:R-ALL-8866305|REACT:R-ALL-8876478|REACT:R-ALL-8951853|RM:0135639|RXCUI:2438|RXNORM:2438|SLM:000000287|SNOMEDCT:84698008|UMLS:C0008377|UNII:97C5T2UQ7J|VANDF:4018648
23556|Free cholesterol in very large HDL,266|cholesterol,60,CAS:129111-15-5|CAS:200-353-2|CAS:22243-67-0|CAS:57-88-5|CAS:80356-14-5|CHEBI:13982|CHEBI:16113|CHEBI:23204|CHEBI:3659|CHEBI:41564|CHEMBL.COMPOUND:CHEMBL112570|CHEMBL.COMPOUND:CHEMBL4866839|CHEMBL.TARGET:CHEMBL4651303|CHV:0000002883|DRUGBANK:DB04540|GTOPDB:2718|HMDB:HMDB0000067|KEGG.DRUG:D00040|KEGG:C00187|LIPIDBANK:SST9061|LM:ST01010001|LOINC:LP100019-1|LOINC:LP15493-7|LOINC:LP18020-5|LOINC:LP32024-9|MESH:D002784|NCIT:C369|NDDF:002556|PATHWHIZ.COMPOUND:47|PSY:09020|PUBCHEM:304|PUBCHEM:5997|REACT:R-ALL-163586|REACT:R-ALL-171069|REACT:R-ALL-171083|REACT:R-ALL-171095|REACT:R-ALL-171135|REACT:R-ALL-171149|REACT:R-ALL-174672|REACT:R-ALL-176478|REACT:R-ALL-193156|REACT:R-ALL-193384|REACT:R-ALL-193840|REACT:R-ALL-196084|REACT:R-ALL-216762|REACT:R-ALL-2239405|REACT:R-ALL-2429660|REACT:R-ALL-8847704|REACT:R-ALL-8848047|REACT:R-ALL-8866305|REACT:R-ALL-8876478|REACT:R-ALL-8951853|RM:0135639|RXCUI:2438|RXNORM:2438|SLM:000000287|SNOMEDCT:84698008|UMLS:C0008377|UNII:97C5T2UQ7J|VANDF:4018648
23561|Cholesterol in large HDL,266|cholesterol,60,CAS:129111-15-5|CAS:200-353-2|CAS:22243-67-0|CAS:57-88-5|CAS:80356-14-5|CHEBI:13982|CHEBI:16113|CHEBI:23204|CHEBI:3659|CHEBI:41564|CHEMBL.COMPOUND:CHEMBL112570|CHEMBL.COMPOUND:CHEMBL4866839|CHEMBL.TARGET:CHEMBL4651303|CHV:0000002883|DRUGBANK:DB04540|GTOPDB:2718|HMDB:HMDB0000067|KEGG.DRUG:D00040|KEGG:C00187|LIPIDBANK:SST9061|LM:ST01010001|LOINC:LP100019-1|LOINC:LP15493-7|LOINC:LP18020-5|LOINC:LP32024-9|MESH:D002784|NCIT:C369|NDDF:002556|PATHWHIZ.COMPOUND:47|PSY:09020|PUBCHEM:304|PUBCHEM:5997|REACT:R-ALL-163586|REACT:R-ALL-171069|REACT:R-ALL-171083|REACT:R-ALL-171095|REACT:R-ALL-171135|REACT:R-ALL-171149|REACT:R-ALL-174672|REACT:R-ALL-176478|REACT:R-ALL-193156|REACT:R-ALL-193384|REACT:R-ALL-193840|REACT:R-ALL-196084|REACT:R-ALL-216762|REACT:R-ALL-2239405|REACT:R-ALL-2429660|REACT:R-ALL-8847704|REACT:R-ALL-8848047|REACT:R-ALL-8866305|REACT:R-ALL-8876478|REACT:R-ALL-8951853|RM:0135639|RXCUI:2438|RXNORM:2438|SLM:000000287|SNOMEDCT:84698008|UMLS:C0008377|UNII:97C5T2UQ7J|VANDF:4018648
23563|Free cholesterol in large HDL,266|cholesterol,60,CAS:129111-15-5|CAS:200-353-2|CAS:22243-67-0|CAS:57-88-5|CAS:80356-14-5|CHEBI:13982|CHEBI:16113|CHEBI:23204|CHEBI:3659|CHEBI:41564|CHEMBL.COMPOUND:CHEMBL112570|CHEMBL.COMPOUND:CHEMBL4866839|CHEMBL.TARGET:CHEMBL4651303|CHV:0000002883|DRUGBANK:DB04540|GTOPDB:2718|HMDB:HMDB0000067|KEGG.DRUG:D00040|KEGG:C00187|LIPIDBANK:SST9061|LM:ST01010001|LOINC:LP100019-1|LOINC:LP15493-7|LOINC:LP18020-5|LOINC:LP32024-9|MESH:D002784|NCIT:C369|NDDF:002556|PATHWHIZ.COMPOUND:47|PSY:09020|PUBCHEM:304|PUBCHEM:5997|REACT:R-ALL-163586|REACT:R-ALL-171069|REACT:R-ALL-171083|REACT:R-ALL-171095|REACT:R-ALL-171135|REACT:R-ALL-171149|REACT:R-ALL-174672|REACT:R-ALL-176478|REACT:R-ALL-193156|REACT:R-ALL-193384|REACT:R-ALL-193840|REACT:R-ALL-196084|REACT:R-ALL-216762|REACT:R-ALL-2239405|REACT:R-ALL-2429660|REACT:R-ALL-8847704|REACT:R-ALL-8848047|REACT:R-ALL-8866305|REACT:R-ALL-8876478|REACT:R-ALL-8951853|RM:0135639|RXCUI:2438|RXNORM:2438|SLM:000000287|SNOMEDCT:84698008|UMLS:C0008377|UNII:97C5T2UQ7J|VANDF:4018648
23565|Concentration of medium HDL particles,100021015|branched-chain fatty acid 18:0 (2)**,8,CHEBI:59554|CHV:0000038073|KEGG:C21925|NCIT:C68391|REACT:R-ALL-5690071|REACT:R-ALL-5690530|REACT:R-ALL-5690531|UMLS:C0522094
23568|Cholesterol in medium HDL,266|cholesterol,60,CAS:129111-15-5|CAS:200-353-2|CAS:22243-67-0|CAS:57-88-5|CAS:80356-14-5|CHEBI:13982|CHEBI:16113|CHEBI:23204|CHEBI:3659|CHEBI:41564|CHEMBL.COMPOUND:CHEMBL112570|CHEMBL.COMPOUND:CHEMBL4866839|CHEMBL.TARGET:CHEMBL4651303|CHV:0000002883|DRUGBANK:DB04540|GTOPDB:2718|HMDB:HMDB0000067|KEGG.DRUG:D00040|KEGG:C00187|LIPIDBANK:SST9061|LM:ST01010001|LOINC:LP100019-1|LOINC:LP15493-7|LOINC:LP18020-5|LOINC:LP32024-9|MESH:D002784|NCIT:C369|NDDF:002556|PATHWHIZ.COMPOUND:47|PSY:09020|PUBCHEM:304|PUBCHEM:5997|REACT:R-ALL-163586|REACT:R-ALL-171069|REACT:R-ALL-171083|REACT:R-ALL-171095|REACT:R-ALL-171135|REACT:R-ALL-171149|REACT:R-ALL-174672|REACT:R-ALL-176478|REACT:R-ALL-193156|REACT:R-ALL-193384|REACT:R-ALL-193840|REACT:R-ALL-196084|REACT:R-ALL-216762|REACT:R-ALL-2239405|REACT:R-ALL-2429660|REACT:R-ALL-8847704|REACT:R-ALL-8848047|REACT:R-ALL-8866305|REACT:R-ALL-8876478|REACT:R-ALL-8951853|RM:0135639|RXCUI:2438|RXNORM:2438|SLM:000000287|SNOMEDCT:84698008|UMLS:C0008377|UNII:97C5T2UQ7J|VANDF:4018648
23570|Free cholesterol in medium HDL,266|cholesterol,60,CAS:129111-15-5|CAS:200-353-2|CAS:22243-67-0|CAS:57-88-5|CAS:80356-14-5|CHEBI:13982|CHEBI:16113|CHEBI:23204|CHEBI:3659|CHEBI:41564|CHEMBL.COMPOUND:CHEMBL112570|CHEMBL.COMPOUND:CHEMBL4866839|CHEMBL.TARGET:CHEMBL4651303|CHV:0000002883|DRUGBANK:DB04540|GTOPDB:2718|HMDB:HMDB0000067|KEGG.DRUG:D00040|KEGG:C00187|LIPIDBANK:SST9061|LM:ST01010001|LOINC:LP100019-1|LOINC:LP15493-7|LOINC:LP18020-5|LOINC:LP32024-9|MESH:D002784|NCIT:C369|NDDF:002556|PATHWHIZ.COMPOUND:47|PSY:09020|PUBCHEM:304|PUBCHEM:5997|REACT:R-ALL-163586|REACT:R-ALL-171069|REACT:R-ALL-171083|REACT:R-ALL-171095|REACT:R-ALL-171135|REACT:R-ALL-171149|REACT:R-ALL-174672|REACT:R-ALL-176478|REACT:R-ALL-193156|REACT:R-ALL-193384|REACT:R-ALL-193840|REACT:R-ALL-196084|REACT:R-ALL-216762|REACT:R-ALL-2239405|REACT:R-ALL-2429660|REACT:R-ALL-8847704|REACT:R-ALL-8848047|REACT:R-ALL-8866305|REACT:R-ALL-8876478|REACT:R-ALL-8951853|RM:0135639|RXCUI:2438|RXNORM:2438|SLM:000000287|SNOMEDCT:84698008|UMLS:C0008377|UNII:97C5T2UQ7J|VANDF:4018648
23575|Cholesterol in small HDL,266|cholesterol,60,CAS:129111-15-5|CAS:200-353-2|CAS:22243-67-0|CAS:57-88-5|CAS:80356-14-5|CHEBI:13982|CHEBI:16113|CHEBI:23204|CHEBI:3659|CHEBI:41564|CHEMBL.COMPOUND:CHEMBL112570|CHEMBL.COMPOUND:CHEMBL4866839|CHEMBL.TARGET:CHEMBL4651303|CHV:0000002883|DRUGBANK:DB04540|GTOPDB:2718|HMDB:HMDB0000067|KEGG.DRUG:D00040|KEGG:C00187|LIPIDBANK:SST9061|LM:ST01010001|LOINC:LP100019-1|LOINC:LP15493-7|LOINC:LP18020-5|LOINC:LP32024-9|MESH:D002784|NCIT:C369|NDDF:002556|PATHWHIZ.COMPOUND:47|PSY:09020|PUBCHEM:304|PUBCHEM:5997|REACT:R-ALL-163586|REACT:R-ALL-171069|REACT:R-ALL-171083|REACT:R-ALL-171095|REACT:R-ALL-171135|REACT:R-ALL-171149|REACT:R-ALL-174672|REACT:R-ALL-176478|REACT:R-ALL-193156|REACT:R-ALL-193384|REACT:R-ALL-193840|REACT:R-ALL-196084|REACT:R-ALL-216762|REACT:R-ALL-2239405|REACT:R-ALL-2429660|REACT:R-ALL-8847704|REACT:R-ALL-8848047|REACT:R-ALL-8866305|REACT:R-ALL-8876478|REACT:R-ALL-8951853|RM:0135639|RXCUI:2438|RXNORM:2438|SLM:000000287|SNOMEDCT:84698008|UMLS:C0008377|UNII:97C5T2UQ7J|VANDF:4018648
23577|Free cholesterol in small HDL,266|cholesterol,60,CAS:129111-15-5|CAS:200-353-2|CAS:22243-67-0|CAS:57-88-5|CAS:80356-14-5|CHEBI:13982|CHEBI:16113|CHEBI:23204|CHEBI:3659|CHEBI:41564|CHEMBL.COMPOUND:CHEMBL112570|CHEMBL.COMPOUND:CHEMBL4866839|CHEMBL.TARGET:CHEMBL4651303|CHV:0000002883|DRUGBANK:DB04540|GTOPDB:2718|HMDB:HMDB0000067|KEGG.DRUG:D00040|KEGG:C00187|LIPIDBANK:SST9061|LM:ST01010001|LOINC:LP100019-1|LOINC:LP15493-7|LOINC:LP18020-5|LOINC:LP32024-9|MESH:D002784|NCIT:C369|NDDF:002556|PATHWHIZ.COMPOUND:47|PSY:09020|PUBCHEM:304|PUBCHEM:5997|REACT:R-ALL-163586|REACT:R-ALL-171069|REACT:R-ALL-171083|REACT:R-ALL-171095|REACT:R-ALL-171135|REACT:R-ALL-171149|REACT:R-ALL-174672|REACT:R-ALL-176478|REACT:R-ALL-193156|REACT:R-ALL-193384|REACT:R-ALL-193840|REACT:R-ALL-196084|REACT:R-ALL-216762|REACT:R-ALL-2239405|REACT:R-ALL-2429660|REACT:R-ALL-8847704|REACT:R-ALL-8848047|REACT:R-ALL-8866305|REACT:R-ALL-8876478|REACT:R-ALL-8951853|RM:0135639|RXCUI:2438|RXNORM:2438|SLM:000000287|SNOMEDCT:84698008|UMLS:C0008377|UNII:97C5T2UQ7J|VANDF:4018648
23580|Cholesterol to total lipids ratio in chylomicrons and extremely large VLDL,266|cholesterol,60,CAS:129111-15-5|CAS:200-353-2|CAS:22243-67-0|CAS:57-88-5|CAS:80356-14-5|CHEBI:13982|CHEBI:16113|CHEBI:23204|CHEBI:3659|CHEBI:41564|CHEMBL.COMPOUND:CHEMBL112570|CHEMBL.COMPOUND:CHEMBL4866839|CHEMBL.TARGET:CHEMBL4651303|CHV:0000002883|DRUGBANK:DB04540|GTOPDB:2718|HMDB:HMDB0000067|KEGG.DRUG:D00040|KEGG:C00187|LIPIDBANK:SST9061|LM:ST01010001|LOINC:LP100019-1|LOINC:LP15493-7|LOINC:LP18020-5|LOINC:LP32024-9|MESH:D002784|NCIT:C369|NDDF:002556|PATHWHIZ.COMPOUND:47|PSY:09020|PUBCHEM:304|PUBCHEM:5997|REACT:R-ALL-163586|REACT:R-ALL-171069|REACT:R-ALL-171083|REACT:R-ALL-171095|REACT:R-ALL-171135|REACT:R-ALL-171149|REACT:R-ALL-174672|REACT:R-ALL-176478|REACT:R-ALL-193156|REACT:R-ALL-193384|REACT:R-ALL-193840|REACT:R-ALL-196084|REACT:R-ALL-216762|REACT:R-ALL-2239405|REACT:R-ALL-2429660|REACT:R-ALL-8847704|REACT:R-ALL-8848047|REACT:R-ALL-8866305|REACT:R-ALL-8876478|REACT:R-ALL-8951853|RM:0135639|RXCUI:2438|RXNORM:2438|SLM:000000287|SNOMEDCT:84698008|UMLS:C0008377|UNII:97C5T2UQ7J|VANDF:4018648
23582|Free cholesterol to total lipids ratio in chylomicrons and extremely large VLDL,266|cholesterol,60,CAS:129111-15-5|CAS:200-353-2|CAS:22243-67-0|CAS:57-88-5|CAS:80356-14-5|CHEBI:13982|CHEBI:16113|CHEBI:23204|CHEBI:3659|CHEBI:41564|CHEMBL.COMPOUND:CHEMBL112570|CHEMBL.COMPOUND:CHEMBL4866839|CHEMBL.TARGET:CHEMBL4651303|CHV:0000002883|DRUGBANK:DB04540|GTOPDB:2718|HMDB:HMDB0000067|KEGG.DRUG:D00040|KEGG:C00187|LIPIDBANK:SST9061|LM:ST01010001|LOINC:LP100019-1|LOINC:LP15493-7|LOINC:LP18020-5|LOINC:LP32024-9|MESH:D002784|NCIT:C369|NDDF:002556|PATHWHIZ.COMPOUND:47|PSY:09020|PUBCHEM:304|PUBCHEM:5997|REACT:R-ALL-163586|REACT:R-ALL-171069|REACT:R-ALL-171083|REACT:R-ALL-171095|REACT:R-ALL-171135|REACT:R-ALL-171149|REACT:R-ALL-174672|REACT:R-ALL-176478|REACT:R-ALL-193156|REACT:R-ALL-193384|REACT:R-ALL-193840|REACT:R-ALL-196084|REACT:R-ALL-216762|REACT:R-ALL-2239405|REACT:R-ALL-2429660|REACT:R-ALL-8847704|REACT:R-ALL-8848047|REACT:R-ALL-8866305|REACT:R-ALL-8876478|REACT:R-ALL-8951853|RM:0135639|RXCUI:2438|RXNORM:2438|SLM:000000287|SNOMEDCT:84698008|UMLS:C0008377|UNII:97C5T2UQ7J|VANDF:4018648
23585|Cholesterol to total lipids ratio in very large VLDL,266|cholesterol,60,CAS:129111-15-5|CAS:200-353-2|CAS:22243-67-0|CAS:57-88-5|CAS:80356-14-5|CHEBI:13982|CHEBI:16113|CHEBI:23204|CHEBI:3659|CHEBI:41564|CHEMBL.COMPOUND:CHEMBL112570|CHEMBL.COMPOUND:CHEMBL4866839|CHEMBL.TARGET:CHEMBL4651303|CHV:0000002883|DRUGBANK:DB04540|GTOPDB:2718|HMDB:HMDB0000067|KEGG.DRUG:D00040|KEGG:C00187|LIPIDBANK:SST9061|LM:ST01010001|LOINC:LP100019-1|LOINC:LP15493-7|LOINC:LP18020-5|LOINC:LP32024-9|MESH:D002784|NCIT:C369|NDDF:002556|PATHWHIZ.COMPOUND:47|PSY:09020|PUBCHEM:304|PUBCHEM:5997|REACT:R-ALL-163586|REACT:R-ALL-171069|REACT:R-ALL-171083|REACT:R-ALL-171095|REACT:R-ALL-171135|REACT:R-ALL-171149|REACT:R-ALL-174672|REACT:R-ALL-176478|REACT:R-ALL-193156|REACT:R-ALL-193384|REACT:R-ALL-193840|REACT:R-ALL-196084|REACT:R-ALL-216762|REACT:R-ALL-2239405|REACT:R-ALL-2429660|REACT:R-ALL-8847704|REACT:R-ALL-8848047|REACT:R-ALL-8866305|REACT:R-ALL-8876478|REACT:R-ALL-8951853|RM:0135639|RXCUI:2438|RXNORM:2438|SLM:000000287|SNOMEDCT:84698008|UMLS:C0008377|UNII:97C5T2UQ7J|VANDF:4018648
23587|Free cholesterol to total lipids ratio in very large VLDL,266|cholesterol,60,CAS:129111-15-5|CAS:200-353-2|CAS:22243-67-0|CAS:57-88-5|CAS:80356-14-5|CHEBI:13982|CHEBI:16113|CHEBI:23204|CHEBI:3659|CHEBI:41564|CHEMBL.COMPOUND:CHEMBL112570|CHEMBL.COMPOUND:CHEMBL4866839|CHEMBL.TARGET:CHEMBL4651303|CHV:0000002883|DRUGBANK:DB04540|GTOPDB:2718|HMDB:HMDB0000067|KEGG.DRUG:D00040|KEGG:C00187|LIPIDBANK:SST9061|LM:ST01010001|LOINC:LP100019-1|LOINC:LP15493-7|LOINC:LP18020-5|LOINC:LP32024-9|MESH:D002784|NCIT:C369|NDDF:002556|PATHWHIZ.COMPOUND:47|PSY:09020|PUBCHEM:304|PUBCHEM:5997|REACT:R-ALL-163586|REACT:R-ALL-171069|REACT:R-ALL-171083|REACT:R-ALL-171095|REACT:R-ALL-171135|REACT:R-ALL-171149|REACT:R-ALL-174672|REACT:R-ALL-176478|REACT:R-ALL-193156|REACT:R-ALL-193384|REACT:R-ALL-193840|REACT:R-ALL-196084|REACT:R-ALL-216762|REACT:R-ALL-2239405|REACT:R-ALL-2429660|REACT:R-ALL-8847704|REACT:R-ALL-8848047|REACT:R-ALL-8866305|REACT:R-ALL-8876478|REACT:R-ALL-8951853|RM:0135639|RXCUI:2438|RXNORM:2438|SLM:000000287|SNOMEDCT:84698008|UMLS:C0008377|UNII:97C5T2UQ7J|VANDF:4018648
23590|Cholesterol to total lipids ratio in large VLDL,266|cholesterol,60,CAS:129111-15-5|CAS:200-353-2|CAS:22243-67-0|CAS:57-88-5|CAS:80356-14-5|CHEBI:13982|CHEBI:16113|CHEBI:23204|CHEBI:3659|CHEBI:41564|CHEMBL.COMPOUND:CHEMBL112570|CHEMBL.COMPOUND:CHEMBL4866839|CHEMBL.TARGET:CHEMBL4651303|CHV:0000002883|DRUGBANK:DB04540|GTOPDB:2718|HMDB:HMDB0000067|KEGG.DRUG:D00040|KEGG:C00187|LIPIDBANK:SST9061|LM:ST01010001|LOINC:LP100019-1|LOINC:LP15493-7|LOINC:LP18020-5|LOINC:LP32024-9|MESH:D002784|NCIT:C369|NDDF:002556|PATHWHIZ.COMPOUND:47|PSY:09020|PUBCHEM:304|PUBCHEM:5997|REACT:R-ALL-163586|REACT:R-ALL-171069|REACT:R-ALL-171083|REACT:R-ALL-171095|REACT:R-ALL-171135|REACT:R-ALL-171149|REACT:R-ALL-174672|REACT:R-ALL-176478|REACT:R-ALL-193156|REACT:R-ALL-193384|REACT:R-ALL-193840|REACT:R-ALL-196084|REACT:R-ALL-216762|REACT:R-ALL-2239405|REACT:R-ALL-2429660|REACT:R-ALL-8847704|REACT:R-ALL-8848047|REACT:R-ALL-8866305|REACT:R-ALL-8876478|REACT:R-ALL-8951853|RM:0135639|RXCUI:2438|RXNORM:2438|SLM:000000287|SNOMEDCT:84698008|UMLS:C0008377|UNII:97C5T2UQ7J|VANDF:4018648
23592|Free cholesterol to total lipids ratio in large VLDL,266|cholesterol,60,CAS:129111-15-5|CAS:200-353-2|CAS:22243-67-0|CAS:57-88-5|CAS:80356-14-5|CHEBI:13982|CHEBI:16113|CHEBI:23204|CHEBI:3659|CHEBI:41564|CHEMBL.COMPOUND:CHEMBL112570|CHEMBL.COMPOUND:CHEMBL4866839|CHEMBL.TARGET:CHEMBL4651303|CHV:0000002883|DRUGBANK:DB04540|GTOPDB:2718|HMDB:HMDB0000067|KEGG.DRUG:D00040|KEGG:C00187|LIPIDBANK:SST9061|LM:ST01010001|LOINC:LP100019-1|LOINC:LP15493-7|LOINC:LP18020-5|LOINC:LP32024-9|MESH:D002784|NCIT:C369|NDDF:002556|PATHWHIZ.COMPOUND:47|PSY:09020|PUBCHEM:304|PUBCHEM:5997|REACT:R-ALL-163586|REACT:R-ALL-171069|REACT:R-ALL-171083|REACT:R-ALL-171095|REACT:R-ALL-171135|REACT:R-ALL-171149|REACT:R-ALL-174672|REACT:R-ALL-176478|REACT:R-ALL-193156|REACT:R-ALL-193384|REACT:R-ALL-193840|REACT:R-ALL-196084|REACT:R-ALL-216762|REACT:R-ALL-2239405|REACT:R-ALL-2429660|REACT:R-ALL-8847704|REACT:R-ALL-8848047|REACT:R-ALL-8866305|REACT:R-ALL-8876478|REACT:R-ALL-8951853|RM:0135639|RXCUI:2438|RXNORM:2438|SLM:000000287|SNOMEDCT:84698008|UMLS:C0008377|UNII:97C5T2UQ7J|VANDF:4018648
23595|Cholesterol to total lipids ratio in medium VLDL,266|cholesterol,60,CAS:129111-15-5|CAS:200-353-2|CAS:22243-67-0|CAS:57-88-5|CAS:80356-14-5|CHEBI:13982|CHEBI:16113|CHEBI:23204|CHEBI:3659|CHEBI:41564|CHEMBL.COMPOUND:CHEMBL112570|CHEMBL.COMPOUND:CHEMBL4866839|CHEMBL.TARGET:CHEMBL4651303|CHV:0000002883|DRUGBANK:DB04540|GTOPDB:2718|HMDB:HMDB0000067|KEGG.DRUG:D00040|KEGG:C00187|LIPIDBANK:SST9061|LM:ST01010001|LOINC:LP100019-1|LOINC:LP15493-7|LOINC:LP18020-5|LOINC:LP32024-9|MESH:D002784|NCIT:C369|NDDF:002556|PATHWHIZ.COMPOUND:47|PSY:09020|PUBCHEM:304|PUBCHEM:5997|REACT:R-ALL-163586|REACT:R-ALL-171069|REACT:R-ALL-171083|REACT:R-ALL-171095|REACT:R-ALL-171135|REACT:R-ALL-171149|REACT:R-ALL-174672|REACT:R-ALL-176478|REACT:R-ALL-193156|REACT:R-ALL-193384|REACT:R-ALL-193840|REACT:R-ALL-196084|REACT:R-ALL-216762|REACT:R-ALL-2239405|REACT:R-ALL-2429660|REACT:R-ALL-8847704|REACT:R-ALL-8848047|REACT:R-ALL-8866305|REACT:R-ALL-8876478|REACT:R-ALL-8951853|RM:0135639|RXCUI:2438|RXNORM:2438|SLM:000000287|SNOMEDCT:84698008|UMLS:C0008377|UNII:97C5T2UQ7J|VANDF:4018648
23597|Free cholesterol to total lipids ratio in medium VLDL,266|cholesterol,60,CAS:129111-15-5|CAS:200-353-2|CAS:22243-67-0|CAS:57-88-5|CAS:80356-14-5|CHEBI:13982|CHEBI:16113|CHEBI:23204|CHEBI:3659|CHEBI:41564|CHEMBL.COMPOUND:CHEMBL112570|CHEMBL.COMPOUND:CHEMBL4866839|CHEMBL.TARGET:CHEMBL4651303|CHV:0000002883|DRUGBANK:DB04540|GTOPDB:2718|HMDB:HMDB0000067|KEGG.DRUG:D00040|KEGG:C00187|LIPIDBANK:SST9061|LM:ST01010001|LOINC:LP100019-1|LOINC:LP15493-7|LOINC:LP18020-5|LOINC:LP32024-9|MESH:D002784|NCIT:C369|NDDF:002556|PATHWHIZ.COMPOUND:47|PSY:09020|PUBCHEM:304|PUBCHEM:5997|REACT:R-ALL-163586|REACT:R-ALL-171069|REACT:R-ALL-171083|REACT:R-ALL-171095|REACT:R-ALL-171135|REACT:R-ALL-171149|REACT:R-ALL-174672|REACT:R-ALL-176478|REACT:R-ALL-193156|REACT:R-ALL-193384|REACT:R-ALL-193840|REACT:R-ALL-196084|REACT:R-ALL-216762|REACT:R-ALL-2239405|REACT:R-ALL-2429660|REACT:R-ALL-8847704|REACT:R-ALL-8848047|REACT:R-ALL-8866305|REACT:R-ALL-8876478|REACT:R-ALL-8951853|RM:0135639|RXCUI:2438|RXNORM:2438|SLM:000000287|SNOMEDCT:84698008|UMLS:C0008377|UNII:97C5T2UQ7J|VANDF:4018648
23600|Cholesterol to total lipids ratio in small VLDL,266|cholesterol,60,CAS:129111-15-5|CAS:200-353-2|CAS:22243-67-0|CAS:57-88-5|CAS:80356-14-5|CHEBI:13982|CHEBI:16113|CHEBI:23204|CHEBI:3659|CHEBI:41564|CHEMBL.COMPOUND:CHEMBL112570|CHEMBL.COMPOUND:CHEMBL4866839|CHEMBL.TARGET:CHEMBL4651303|CHV:0000002883|DRUGBANK:DB04540|GTOPDB:2718|HMDB:HMDB0000067|KEGG.DRUG:D00040|KEGG:C00187|LIPIDBANK:SST9061|LM:ST01010001|LOINC:LP100019-1|LOINC:LP15493-7|LOINC:LP18020-5|LOINC:LP32024-9|MESH:D002784|NCIT:C369|NDDF:002556|PATHWHIZ.COMPOUND:47|PSY:09020|PUBCHEM:304|PUBCHEM:5997|REACT:R-ALL-163586|REACT:R-ALL-171069|REACT:R-ALL-171083|REACT:R-ALL-171095|REACT:R-ALL-171135|REACT:R-ALL-171149|REACT:R-ALL-174672|REACT:R-ALL-176478|REACT:R-ALL-193156|REACT:R-ALL-193384|REACT:R-ALL-193840|REACT:R-ALL-196084|REACT:R-ALL-216762|REACT:R-ALL-2239405|REACT:R-ALL-2429660|REACT:R-ALL-8847704|REACT:R-ALL-8848047|REACT:R-ALL-8866305|REACT:R-ALL-8876478|REACT:R-ALL-8951853|RM:0135639|RXCUI:2438|RXNORM:2438|SLM:000000287|SNOMEDCT:84698008|UMLS:C0008377|UNII:97C5T2UQ7J|VANDF:4018648
23602|Free cholesterol to total lipids ratio in small VLDL,266|cholesterol,60,CAS:129111-15-5|CAS:200-353-2|CAS:22243-67-0|CAS:57-88-5|CAS:80356-14-5|CHEBI:13982|CHEBI:16113|CHEBI:23204|CHEBI:3659|CHEBI:41564|CHEMBL.COMPOUND:CHEMBL112570|CHEMBL.COMPOUND:CHEMBL4866839|CHEMBL.TARGET:CHEMBL4651303|CHV:0000002883|DRUGBANK:DB04540|GTOPDB:2718|HMDB:HMDB0000067|KEGG.DRUG:D00040|KEGG:C00187|LIPIDBANK:SST9061|LM:ST01010001|LOINC:LP100019-1|LOINC:LP15493-7|LOINC:LP18020-5|LOINC:LP32024-9|MESH:D002784|NCIT:C369|NDDF:002556|PATHWHIZ.COMPOUND:47|PSY:09020|PUBCHEM:304|PUBCHEM:5997|REACT:R-ALL-163586|REACT:R-ALL-171069|REACT:R-ALL-171083|REACT:R-ALL-171095|REACT:R-ALL-171135|REACT:R-ALL-171149|REACT:R-ALL-174672|REACT:R-ALL-176478|REACT:R-ALL-193156|REACT:R-ALL-193384|REACT:R-ALL-193840|REACT:R-ALL-196084|REACT:R-ALL-216762|REACT:R-ALL-2239405|REACT:R-ALL-2429660|REACT:R-ALL-8847704|REACT:R-ALL-8848047|REACT:R-ALL-8866305|REACT:R-ALL-8876478|REACT:R-ALL-8951853|RM:0135639|RXCUI:2438|RXNORM:2438|SLM:000000287|SNOMEDCT:84698008|UMLS:C0008377|UNII:97C5T2UQ7J|VANDF:4018648
23605|Cholesterol to total lipids ratio in very small VLDL,266|cholesterol,60,CAS:129111-15-5|CAS:200-353-2|CAS:22243-67-0|CAS:57-88-5|CAS:80356-14-5|CHEBI:13982|CHEBI:16113|CHEBI:23204|CHEBI:3659|CHEBI:41564|CHEMBL.COMPOUND:CHEMBL112570|CHEMBL.COMPOUND:CHEMBL4866839|CHEMBL.TARGET:CHEMBL4651303|CHV:0000002883|DRUGBANK:DB04540|GTOPDB:2718|HMDB:HMDB0000067|KEGG.DRUG:D00040|KEGG:C00187|LIPIDBANK:SST9061|LM:ST01010001|LOINC:LP100019-1|LOINC:LP15493-7|LOINC:LP18020-5|LOINC:LP32024-9|MESH:D002784|NCIT:C369|NDDF:002556|PATHWHIZ.COMPOUND:47|PSY:09020|PUBCHEM:304|PUBCHEM:5997|REACT:R-ALL-163586|REACT:R-ALL-171069|REACT:R-ALL-171083|REACT:R-ALL-171095|REACT:R-ALL-171135|REACT:R-ALL-171149|REACT:R-ALL-174672|REACT:R-ALL-176478|REACT:R-ALL-193156|REACT:R-ALL-193384|REACT:R-ALL-193840|REACT:R-ALL-196084|REACT:R-ALL-216762|REACT:R-ALL-2239405|REACT:R-ALL-2429660|REACT:R-ALL-8847704|REACT:R-ALL-8848047|REACT:R-ALL-8866305|REACT:R-ALL-8876478|REACT:R-ALL-8951853|RM:0135639|RXCUI:2438|RXNORM:2438|SLM:000000287|SNOMEDCT:84698008|UMLS:C0008377|UNII:97C5T2UQ7J|VANDF:4018648
23607|Free cholesterol to total lipids ratio in very small VLDL,266|cholesterol,60,CAS:129111-15-5|CAS:200-353-2|CAS:22243-67-0|CAS:57-88-5|CAS:80356-14-5|CHEBI:13982|CHEBI:16113|CHEBI:23204|CHEBI:3659|CHEBI:41564|CHEMBL.COMPOUND:CHEMBL112570|CHEMBL.COMPOUND:CHEMBL4866839|CHEMBL.TARGET:CHEMBL4651303|CHV:0000002883|DRUGBANK:DB04540|GTOPDB:2718|HMDB:HMDB0000067|KEGG.DRUG:D00040|KEGG:C00187|LIPIDBANK:SST9061|LM:ST01010001|LOINC:LP100019-1|LOINC:LP15493-7|LOINC:LP18020-5|LOINC:LP32024-9|MESH:D002784|NCIT:C369|NDDF:002556|PATHWHIZ.COMPOUND:47|PSY:09020|PUBCHEM:304|PUBCHEM:5997|REACT:R-ALL-163586|REACT:R-ALL-171069|REACT:R-ALL-171083|REACT:R-ALL-171095|REACT:R-ALL-171135|REACT:R-ALL-171149|REACT:R-ALL-174672|REACT:R-ALL-176478|REACT:R-ALL-193156|REACT:R-ALL-193384|REACT:R-ALL-193840|REACT:R-ALL-196084|REACT:R-ALL-216762|REACT:R-ALL-2239405|REACT:R-ALL-2429660|REACT:R-ALL-8847704|REACT:R-ALL-8848047|REACT:R-ALL-8866305|REACT:R-ALL-8876478|REACT:R-ALL-8951853|RM:0135639|RXCUI:2438|RXNORM:2438|SLM:000000287|SNOMEDCT:84698008|UMLS:C0008377|UNII:97C5T2UQ7J|VANDF:4018648
23610|Cholesterol to total lipids ratio in IDL,266|cholesterol,60,CAS:129111-15-5|CAS:200-353-2|CAS:22243-67-0|CAS:57-88-5|CAS:80356-14-5|CHEBI:13982|CHEBI:16113|CHEBI:23204|CHEBI:3659|CHEBI:41564|CHEMBL.COMPOUND:CHEMBL112570|CHEMBL.COMPOUND:CHEMBL4866839|CHEMBL.TARGET:CHEMBL4651303|CHV:0000002883|DRUGBANK:DB04540|GTOPDB:2718|HMDB:HMDB0000067|KEGG.DRUG:D00040|KEGG:C00187|LIPIDBANK:SST9061|LM:ST01010001|LOINC:LP100019-1|LOINC:LP15493-7|LOINC:LP18020-5|LOINC:LP32024-9|MESH:D002784|NCIT:C369|NDDF:002556|PATHWHIZ.COMPOUND:47|PSY:09020|PUBCHEM:304|PUBCHEM:5997|REACT:R-ALL-163586|REACT:R-ALL-171069|REACT:R-ALL-171083|REACT:R-ALL-171095|REACT:R-ALL-171135|REACT:R-ALL-171149|REACT:R-ALL-174672|REACT:R-ALL-176478|REACT:R-ALL-193156|REACT:R-ALL-193384|REACT:R-ALL-193840|REACT:R-ALL-196084|REACT:R-ALL-216762|REACT:R-ALL-2239405|REACT:R-ALL-2429660|REACT:R-ALL-8847704|REACT:R-ALL-8848047|REACT:R-ALL-8866305|REACT:R-ALL-8876478|REACT:R-ALL-8951853|RM:0135639|RXCUI:2438|RXNORM:2438|SLM:000000287|SNOMEDCT:84698008|UMLS:C0008377|UNII:97C5T2UQ7J|VANDF:4018648
23612|Free cholesterol to total lipids ratio in IDL,266|cholesterol,60,CAS:129111-15-5|CAS:200-353-2|CAS:22243-67-0|CAS:57-88-5|CAS:80356-14-5|CHEBI:13982|CHEBI:16113|CHEBI:23204|CHEBI:3659|CHEBI:41564|CHEMBL.COMPOUND:CHEMBL112570|CHEMBL.COMPOUND:CHEMBL4866839|CHEMBL.TARGET:CHEMBL4651303|CHV:0000002883|DRUGBANK:DB04540|GTOPDB:2718|HMDB:HMDB0000067|KEGG.DRUG:D00040|KEGG:C00187|LIPIDBANK:SST9061|LM:ST01010001|LOINC:LP100019-1|LOINC:LP15493-7|LOINC:LP18020-5|LOINC:LP32024-9|MESH:D002784|NCIT:C369|NDDF:002556|PATHWHIZ.COMPOUND:47|PSY:09020|PUBCHEM:304|PUBCHEM:5997|REACT:R-ALL-163586|REACT:R-ALL-171069|REACT:R-ALL-171083|REACT:R-ALL-171095|REACT:R-ALL-171135|REACT:R-ALL-171149|REACT:R-ALL-174672|REACT:R-ALL-176478|REACT:R-ALL-193156|REACT:R-ALL-193384|REACT:R-ALL-193840|REACT:R-ALL-196084|REACT:R-ALL-216762|REACT:R-ALL-2239405|REACT:R-ALL-2429660|REACT:R-ALL-8847704|REACT:R-ALL-8848047|REACT:R-ALL-8866305|REACT:R-ALL-8876478|REACT:R-ALL-8951853|RM:0135639|RXCUI:2438|RXNORM:2438|SLM:000000287|SNOMEDCT:84698008|UMLS:C0008377|UNII:97C5T2UQ7J|VANDF:4018648
23615|Cholesterol to total lipids ratio in large LDL,266|cholesterol,60,CAS:129111-15-5|CAS:200-353-2|CAS:22243-67-0|CAS:57-88-5|CAS:80356-14-5|CHEBI:13982|CHEBI:16113|CHEBI:23204|CHEBI:3659|CHEBI:41564|CHEMBL.COMPOUND:CHEMBL112570|CHEMBL.COMPOUND:CHEMBL4866839|CHEMBL.TARGET:CHEMBL4651303|CHV:0000002883|DRUGBANK:DB04540|GTOPDB:2718|HMDB:HMDB0000067|KEGG.DRUG:D00040|KEGG:C00187|LIPIDBANK:SST9061|LM:ST01010001|LOINC:LP100019-1|LOINC:LP15493-7|LOINC:LP18020-5|LOINC:LP32024-9|MESH:D002784|NCIT:C369|NDDF:002556|PATHWHIZ.COMPOUND:47|PSY:09020|PUBCHEM:304|PUBCHEM:5997|REACT:R-ALL-163586|REACT:R-ALL-171069|REACT:R-ALL-171083|REACT:R-ALL-171095|REACT:R-ALL-171135|REACT:R-ALL-171149|REACT:R-ALL-174672|REACT:R-ALL-176478|REACT:R-ALL-193156|REACT:R-ALL-193384|REACT:R-ALL-193840|REACT:R-ALL-196084|REACT:R-ALL-216762|REACT:R-ALL-2239405|REACT:R-ALL-2429660|REACT:R-ALL-8847704|REACT:R-ALL-8848047|REACT:R-ALL-8866305|REACT:R-ALL-8876478|REACT:R-ALL-8951853|RM:0135639|RXCUI:2438|RXNORM:2438|SLM:000000287|SNOMEDCT:84698008|UMLS:C0008377|UNII:97C5T2UQ7J|VANDF:4018648
23617|Free cholesterol to total lipids ratio in large LDL,266|cholesterol,60,CAS:129111-15-5|CAS:200-353-2|CAS:22243-67-0|CAS:57-88-5|CAS:80356-14-5|CHEBI:13982|CHEBI:16113|CHEBI:23204|CHEBI:3659|CHEBI:41564|CHEMBL.COMPOUND:CHEMBL112570|CHEMBL.COMPOUND:CHEMBL4866839|CHEMBL.TARGET:CHEMBL4651303|CHV:0000002883|DRUGBANK:DB04540|GTOPDB:2718|HMDB:HMDB0000067|KEGG.DRUG:D00040|KEGG:C00187|LIPIDBANK:SST9061|LM:ST01010001|LOINC:LP100019-1|LOINC:LP15493-7|LOINC:LP18020-5|LOINC:LP32024-9|MESH:D002784|NCIT:C369|NDDF:002556|PATHWHIZ.COMPOUND:47|PSY:09020|PUBCHEM:304|PUBCHEM:5997|REACT:R-ALL-163586|REACT:R-ALL-171069|REACT:R-ALL-171083|REACT:R-ALL-171095|REACT:R-ALL-171135|REACT:R-ALL-171149|REACT:R-ALL-174672|REACT:R-ALL-176478|REACT:R-ALL-193156|REACT:R-ALL-193384|REACT:R-ALL-193840|REACT:R-ALL-196084|REACT:R-ALL-216762|REACT:R-ALL-2239405|REACT:R-ALL-2429660|REACT:R-ALL-8847704|REACT:R-ALL-8848047|REACT:R-ALL-8866305|REACT:R-ALL-8876478|REACT:R-ALL-8951853|RM:0135639|RXCUI:2438|RXNORM:2438|SLM:000000287|SNOMEDCT:84698008|UMLS:C0008377|UNII:97C5T2UQ7J|VANDF:4018648
23620|Cholesterol to total lipids ratio in medium LDL,266|cholesterol,60,CAS:129111-15-5|CAS:200-353-2|CAS:22243-67-0|CAS:57-88-5|CAS:80356-14-5|CHEBI:13982|CHEBI:16113|CHEBI:23204|CHEBI:3659|CHEBI:41564|CHEMBL.COMPOUND:CHEMBL112570|CHEMBL.COMPOUND:CHEMBL4866839|CHEMBL.TARGET:CHEMBL4651303|CHV:0000002883|DRUGBANK:DB04540|GTOPDB:2718|HMDB:HMDB0000067|KEGG.DRUG:D00040|KEGG:C00187|LIPIDBANK:SST9061|LM:ST01010001|LOINC:LP100019-1|LOINC:LP15493-7|LOINC:LP18020-5|LOINC:LP32024-9|MESH:D002784|NCIT:C369|NDDF:002556|PATHWHIZ.COMPOUND:47|PSY:09020|PUBCHEM:304|PUBCHEM:5997|REACT:R-ALL-163586|REACT:R-ALL-171069|REACT:R-ALL-171083|REACT:R-ALL-171095|REACT:R-ALL-171135|REACT:R-ALL-171149|REACT:R-ALL-174672|REACT:R-ALL-176478|REACT:R-ALL-193156|REACT:R-ALL-193384|REACT:R-ALL-193840|REACT:R-ALL-196084|REACT:R-ALL-216762|REACT:R-ALL-2239405|REACT:R-ALL-2429660|REACT:R-ALL-8847704|REACT:R-ALL-8848047|REACT:R-ALL-8866305|REACT:R-ALL-8876478|REACT:R-ALL-8951853|RM:0135639|RXCUI:2438|RXNORM:2438|SLM:000000287|SNOMEDCT:84698008|UMLS:C0008377|UNII:97C5T2UQ7J|VANDF:4018648
23622|Free cholesterol to total lipids ratio in medium LDL,266|cholesterol,60,CAS:129111-15-5|CAS:200-353-2|CAS:22243-67-0|CAS:57-88-5|CAS:80356-14-5|CHEBI:13982|CHEBI:16113|CHEBI:23204|CHEBI:3659|CHEBI:41564|CHEMBL.COMPOUND:CHEMBL112570|CHEMBL.COMPOUND:CHEMBL4866839|CHEMBL.TARGET:CHEMBL4651303|CHV:0000002883|DRUGBANK:DB04540|GTOPDB:2718|HMDB:HMDB0000067|KEGG.DRUG:D00040|KEGG:C00187|LIPIDBANK:SST9061|LM:ST01010001|LOINC:LP100019-1|LOINC:LP15493-7|LOINC:LP18020-5|LOINC:LP32024-9|MESH:D002784|NCIT:C369|NDDF:002556|PATHWHIZ.COMPOUND:47|PSY:09020|PUBCHEM:304|PUBCHEM:5997|REACT:R-ALL-163586|REACT:R-ALL-171069|REACT:R-ALL-171083|REACT:R-ALL-171095|REACT:R-ALL-171135|REACT:R-ALL-171149|REACT:R-ALL-174672|REACT:R-ALL-176478|REACT:R-ALL-193156|REACT:R-ALL-193384|REACT:R-ALL-193840|REACT:R-ALL-196084|REACT:R-ALL-216762|REACT:R-ALL-2239405|REACT:R-ALL-2429660|REACT:R-ALL-8847704|REACT:R-ALL-8848047|REACT:R-ALL-8866305|REACT:R-ALL-8876478|REACT:R-ALL-8951853|RM:0135639|RXCUI:2438|RXNORM:2438|SLM:000000287|SNOMEDCT:84698008|UMLS:C0008377|UNII:97C5T2UQ7J|VANDF:4018648
23625|Cholesterol to total lipids ratio in small LDL,266|cholesterol,60,CAS:129111-15-5|CAS:200-353-2|CAS:22243-67-0|CAS:57-88-5|CAS:80356-14-5|CHEBI:13982|CHEBI:16113|CHEBI:23204|CHEBI:3659|CHEBI:41564|CHEMBL.COMPOUND:CHEMBL112570|CHEMBL.COMPOUND:CHEMBL4866839|CHEMBL.TARGET:CHEMBL4651303|CHV:0000002883|DRUGBANK:DB04540|GTOPDB:2718|HMDB:HMDB0000067|KEGG.DRUG:D00040|KEGG:C00187|LIPIDBANK:SST9061|LM:ST01010001|LOINC:LP100019-1|LOINC:LP15493-7|LOINC:LP18020-5|LOINC:LP32024-9|MESH:D002784|NCIT:C369|NDDF:002556|PATHWHIZ.COMPOUND:47|PSY:09020|PUBCHEM:304|PUBCHEM:5997|REACT:R-ALL-163586|REACT:R-ALL-171069|REACT:R-ALL-171083|REACT:R-ALL-171095|REACT:R-ALL-171135|REACT:R-ALL-171149|REACT:R-ALL-174672|REACT:R-ALL-176478|REACT:R-ALL-193156|REACT:R-ALL-193384|REACT:R-ALL-193840|REACT:R-ALL-196084|REACT:R-ALL-216762|REACT:R-ALL-2239405|REACT:R-ALL-2429660|REACT:R-ALL-8847704|REACT:R-ALL-8848047|REACT:R-ALL-8866305|REACT:R-ALL-8876478|REACT:R-ALL-8951853|RM:0135639|RXCUI:2438|RXNORM:2438|SLM:000000287|SNOMEDCT:84698008|UMLS:C0008377|UNII:97C5T2UQ7J|VANDF:4018648
23627|Free cholesterol to total lipids ratio in small LDL,266|cholesterol,60,CAS:129111-15-5|CAS:200-353-2|CAS:22243-67-0|CAS:57-88-5|CAS:80356-14-5|CHEBI:13982|CHEBI:16113|CHEBI:23204|CHEBI:3659|CHEBI:41564|CHEMBL.COMPOUND:CHEMBL112570|CHEMBL.COMPOUND:CHEMBL4866839|CHEMBL.TARGET:CHEMBL4651303|CHV:0000002883|DRUGBANK:DB04540|GTOPDB:2718|HMDB:HMDB0000067|KEGG.DRUG:D00040|KEGG:C00187|LIPIDBANK:SST9061|LM:ST01010001|LOINC:LP100019-1|LOINC:LP15493-7|LOINC:LP18020-5|LOINC:LP32024-9|MESH:D002784|NCIT:C369|NDDF:002556|PATHWHIZ.COMPOUND:47|PSY:09020|PUBCHEM:304|PUBCHEM:5997|REACT:R-ALL-163586|REACT:R-ALL-171069|REACT:R-ALL-171083|REACT:R-ALL-171095|REACT:R-ALL-171135|REACT:R-ALL-171149|REACT:R-ALL-174672|REACT:R-ALL-176478|REACT:R-ALL-193156|REACT:R-ALL-193384|REACT:R-ALL-193840|REACT:R-ALL-196084|REACT:R-ALL-216762|REACT:R-ALL-2239405|REACT:R-ALL-2429660|REACT:R-ALL-8847704|REACT:R-ALL-8848047|REACT:R-ALL-8866305|REACT:R-ALL-8876478|REACT:R-ALL-8951853|RM:0135639|RXCUI:2438|RXNORM:2438|SLM:000000287|SNOMEDCT:84698008|UMLS:C0008377|UNII:97C5T2UQ7J|VANDF:4018648
23630|Cholesterol to total lipids ratio in very large HDL,266|cholesterol,60,CAS:129111-15-5|CAS:200-353-2|CAS:22243-67-0|CAS:57-88-5|CAS:80356-14-5|CHEBI:13982|CHEBI:16113|CHEBI:23204|CHEBI:3659|CHEBI:41564|CHEMBL.COMPOUND:CHEMBL112570|CHEMBL.COMPOUND:CHEMBL4866839|CHEMBL.TARGET:CHEMBL4651303|CHV:0000002883|DRUGBANK:DB04540|GTOPDB:2718|HMDB:HMDB0000067|KEGG.DRUG:D00040|KEGG:C00187|LIPIDBANK:SST9061|LM:ST01010001|LOINC:LP100019-1|LOINC:LP15493-7|LOINC:LP18020-5|LOINC:LP32024-9|MESH:D002784|NCIT:C369|NDDF:002556|PATHWHIZ.COMPOUND:47|PSY:09020|PUBCHEM:304|PUBCHEM:5997|REACT:R-ALL-163586|REACT:R-ALL-171069|REACT:R-ALL-171083|REACT:R-ALL-171095|REACT:R-ALL-171135|REACT:R-ALL-171149|REACT:R-ALL-174672|REACT:R-ALL-176478|REACT:R-ALL-193156|REACT:R-ALL-193384|REACT:R-ALL-193840|REACT:R-ALL-196084|REACT:R-ALL-216762|REACT:R-ALL-2239405|REACT:R-ALL-2429660|REACT:R-ALL-8847704|REACT:R-ALL-8848047|REACT:R-ALL-8866305|REACT:R-ALL-8876478|REACT:R-ALL-8951853|RM:0135639|RXCUI:2438|RXNORM:2438|SLM:000000287|SNOMEDCT:84698008|UMLS:C0008377|UNII:97C5T2UQ7J|VANDF:4018648
23632|Free cholesterol to total lipids ratio in very large HDL,266|cholesterol,60,CAS:129111-15-5|CAS:200-353-2|CAS:22243-67-0|CAS:57-88-5|CAS:80356-14-5|CHEBI:13982|CHEBI:16113|CHEBI:23204|CHEBI:3659|CHEBI:41564|CHEMBL.COMPOUND:CHEMBL112570|CHEMBL.COMPOUND:CHEMBL4866839|CHEMBL.TARGET:CHEMBL4651303|CHV:0000002883|DRUGBANK:DB04540|GTOPDB:2718|HMDB:HMDB0000067|KEGG.DRUG:D00040|KEGG:C00187|LIPIDBANK:SST9061|LM:ST01010001|LOINC:LP100019-1|LOINC:LP15493-7|LOINC:LP18020-5|LOINC:LP32024-9|MESH:D002784|NCIT:C369|NDDF:002556|PATHWHIZ.COMPOUND:47|PSY:09020|PUBCHEM:304|PUBCHEM:5997|REACT:R-ALL-163586|REACT:R-ALL-171069|REACT:R-ALL-171083|REACT:R-ALL-171095|REACT:R-ALL-171135|REACT:R-ALL-171149|REACT:R-ALL-174672|REACT:R-ALL-176478|REACT:R-ALL-193156|REACT:R-ALL-193384|REACT:R-ALL-193840|REACT:R-ALL-196084|REACT:R-ALL-216762|REACT:R-ALL-2239405|REACT:R-ALL-2429660|REACT:R-ALL-8847704|REACT:R-ALL-8848047|REACT:R-ALL-8866305|REACT:R-ALL-8876478|REACT:R-ALL-8951853|RM:0135639|RXCUI:2438|RXNORM:2438|SLM:000000287|SNOMEDCT:84698008|UMLS:C0008377|UNII:97C5T2UQ7J|VANDF:4018648
23635|Cholesterol to total lipids ratio in large HDL,266|cholesterol,60,CAS:129111-15-5|CAS:200-353-2|CAS:22243-67-0|CAS:57-88-5|CAS:80356-14-5|CHEBI:13982|CHEBI:16113|CHEBI:23204|CHEBI:3659|CHEBI:41564|CHEMBL.COMPOUND:CHEMBL112570|CHEMBL.COMPOUND:CHEMBL4866839|CHEMBL.TARGET:CHEMBL4651303|CHV:0000002883|DRUGBANK:DB04540|GTOPDB:2718|HMDB:HMDB0000067|KEGG.DRUG:D00040|KEGG:C00187|LIPIDBANK:SST9061|LM:ST01010001|LOINC:LP100019-1|LOINC:LP15493-7|LOINC:LP18020-5|LOINC:LP32024-9|MESH:D002784|NCIT:C369|NDDF:002556|PATHWHIZ.COMPOUND:47|PSY:09020|PUBCHEM:304|PUBCHEM:5997|REACT:R-ALL-163586|REACT:R-ALL-171069|REACT:R-ALL-171083|REACT:R-ALL-171095|REACT:R-ALL-171135|REACT:R-ALL-171149|REACT:R-ALL-174672|REACT:R-ALL-176478|REACT:R-ALL-193156|REACT:R-ALL-193384|REACT:R-ALL-193840|REACT:R-ALL-196084|REACT:R-ALL-216762|REACT:R-ALL-2239405|REACT:R-ALL-2429660|REACT:R-ALL-8847704|REACT:R-ALL-8848047|REACT:R-ALL-8866305|REACT:R-ALL-8876478|REACT:R-ALL-8951853|RM:0135639|RXCUI:2438|RXNORM:2438|SLM:000000287|SNOMEDCT:84698008|UMLS:C0008377|UNII:97C5T2UQ7J|VANDF:4018648
23637|Free cholesterol to total lipids ratio in large HDL,266|cholesterol,60,CAS:129111-15-5|CAS:200-353-2|CAS:22243-67-0|CAS:57-88-5|CAS:80356-14-5|CHEBI:13982|CHEBI:16113|CHEBI:23204|CHEBI:3659|CHEBI:41564|CHEMBL.COMPOUND:CHEMBL112570|CHEMBL.COMPOUND:CHEMBL4866839|CHEMBL.TARGET:CHEMBL4651303|CHV:0000002883|DRUGBANK:DB04540|GTOPDB:2718|HMDB:HMDB0000067|KEGG.DRUG:D00040|KEGG:C00187|LIPIDBANK:SST9061|LM:ST01010001|LOINC:LP100019-1|LOINC:LP15493-7|LOINC:LP18020-5|LOINC:LP32024-9|MESH:D002784|NCIT:C369|NDDF:002556|PATHWHIZ.COMPOUND:47|PSY:09020|PUBCHEM:304|PUBCHEM:5997|REACT:R-ALL-163586|REACT:R-ALL-171069|REACT:R-ALL-171083|REACT:R-ALL-171095|REACT:R-ALL-171135|REACT:R-ALL-171149|REACT:R-ALL-174672|REACT:R-ALL-176478|REACT:R-ALL-193156|REACT:R-ALL-193384|REACT:R-ALL-193840|REACT:R-ALL-196084|REACT:R-ALL-216762|REACT:R-ALL-2239405|REACT:R-ALL-2429660|REACT:R-ALL-8847704|REACT:R-ALL-8848047|REACT:R-ALL-8866305|REACT:R-ALL-8876478|REACT:R-ALL-8951853|RM:0135639|RXCUI:2438|RXNORM:2438|SLM:000000287|SNOMEDCT:84698008|UMLS:C0008377|UNII:97C5T2UQ7J|VANDF:4018648
23640|Cholesterol to total lipids ratio in medium HDL,266|cholesterol,60,CAS:129111-15-5|CAS:200-353-2|CAS:22243-67-0|CAS:57-88-5|CAS:80356-14-5|CHEBI:13982|CHEBI:16113|CHEBI:23204|CHEBI:3659|CHEBI:41564|CHEMBL.COMPOUND:CHEMBL112570|CHEMBL.COMPOUND:CHEMBL4866839|CHEMBL.TARGET:CHEMBL4651303|CHV:0000002883|DRUGBANK:DB04540|GTOPDB:2718|HMDB:HMDB0000067|KEGG.DRUG:D00040|KEGG:C00187|LIPIDBANK:SST9061|LM:ST01010001|LOINC:LP100019-1|LOINC:LP15493-7|LOINC:LP18020-5|LOINC:LP32024-9|MESH:D002784|NCIT:C369|NDDF:002556|PATHWHIZ.COMPOUND:47|PSY:09020|PUBCHEM:304|PUBCHEM:5997|REACT:R-ALL-163586|REACT:R-ALL-171069|REACT:R-ALL-171083|REACT:R-ALL-171095|REACT:R-ALL-171135|REACT:R-ALL-171149|REACT:R-ALL-174672|REACT:R-ALL-176478|REACT:R-ALL-193156|REACT:R-ALL-193384|REACT:R-ALL-193840|REACT:R-ALL-196084|REACT:R-ALL-216762|REACT:R-ALL-2239405|REACT:R-ALL-2429660|REACT:R-ALL-8847704|REACT:R-ALL-8848047|REACT:R-ALL-8866305|REACT:R-ALL-8876478|REACT:R-ALL-8951853|RM:0135639|RXCUI:2438|RXNORM:2438|SLM:000000287|SNOMEDCT:84698008|UMLS:C0008377|UNII:97C5T2UQ7J|VANDF:4018648
23642|Free cholesterol to total lipids ratio in medium HDL,266|cholesterol,60,CAS:129111-15-5|CAS:200-353-2|CAS:22243-67-0|CAS:57-88-5|CAS:80356-14-5|CHEBI:13982|CHEBI:16113|CHEBI:23204|CHEBI:3659|CHEBI:41564|CHEMBL.COMPOUND:CHEMBL112570|CHEMBL.COMPOUND:CHEMBL4866839|CHEMBL.TARGET:CHEMBL4651303|CHV:0000002883|DRUGBANK:DB04540|GTOPDB:2718|HMDB:HMDB0000067|KEGG.DRUG:D00040|KEGG:C00187|LIPIDBANK:SST9061|LM:ST01010001|LOINC:LP100019-1|LOINC:LP15493-7|LOINC:LP18020-5|LOINC:LP32024-9|MESH:D002784|NCIT:C369|NDDF:002556|PATHWHIZ.COMPOUND:47|PSY:09020|PUBCHEM:304|PUBCHEM:5997|REACT:R-ALL-163586|REACT:R-ALL-171069|REACT:R-ALL-171083|REACT:R-ALL-171095|REACT:R-ALL-171135|REACT:R-ALL-171149|REACT:R-ALL-174672|REACT:R-ALL-176478|REACT:R-ALL-193156|REACT:R-ALL-193384|REACT:R-ALL-193840|REACT:R-ALL-196084|REACT:R-ALL-216762|REACT:R-ALL-2239405|REACT:R-ALL-2429660|REACT:R-ALL-8847704|REACT:R-ALL-8848047|REACT:R-ALL-8866305|REACT:R-ALL-8876478|REACT:R-ALL-8951853|RM:0135639|RXCUI:2438|RXNORM:2438|SLM:000000287|SNOMEDCT:84698008|UMLS:C0008377|UNII:97C5T2UQ7J|VANDF:4018648
23645|Cholesterol to total lipids ratio in small HDL,266|cholesterol,60,CAS:129111-15-5|CAS:200-353-2|CAS:22243-67-0|CAS:57-88-5|CAS:80356-14-5|CHEBI:13982|CHEBI:16113|CHEBI:23204|CHEBI:3659|CHEBI:41564|CHEMBL.COMPOUND:CHEMBL112570|CHEMBL.COMPOUND:CHEMBL4866839|CHEMBL.TARGET:CHEMBL4651303|CHV:0000002883|DRUGBANK:DB04540|GTOPDB:2718|HMDB:HMDB0000067|KEGG.DRUG:D00040|KEGG:C00187|LIPIDBANK:SST9061|LM:ST01010001|LOINC:LP100019-1|LOINC:LP15493-7|LOINC:LP18020-5|LOINC:LP32024-9|MESH:D002784|NCIT:C369|NDDF:002556|PATHWHIZ.COMPOUND:47|PSY:09020|PUBCHEM:304|PUBCHEM:5997|REACT:R-ALL-163586|REACT:R-ALL-171069|REACT:R-ALL-171083|REACT:R-ALL-171095|REACT:R-ALL-171135|REACT:R-ALL-171149|REACT:R-ALL-174672|REACT:R-ALL-176478|REACT:R-ALL-193156|REACT:R-ALL-193384|REACT:R-ALL-193840|REACT:R-ALL-196084|REACT:R-ALL-216762|REACT:R-ALL-2239405|REACT:R-ALL-2429660|REACT:R-ALL-8847704|REACT:R-ALL-8848047|REACT:R-ALL-8866305|REACT:R-ALL-8876478|REACT:R-ALL-8951853|RM:0135639|RXCUI:2438|RXNORM:2438|SLM:000000287|SNOMEDCT:84698008|UMLS:C0008377|UNII:97C5T2UQ7J|VANDF:4018648
23647|Free cholesterol to total lipids ratio in small HDL,266|cholesterol,60,CAS:129111-15-5|CAS:200-353-2|CAS:22243-67-0|CAS:57-88-5|CAS:80356-14-5|CHEBI:13982|CHEBI:16113|CHEBI:23204|CHEBI:3659|CHEBI:41564|CHEMBL.COMPOUND:CHEMBL112570|CHEMBL.COMPOUND:CHEMBL4866839|CHEMBL.TARGET:CHEMBL4651303|CHV:0000002883|DRUGBANK:DB04540|GTOPDB:2718|HMDB:HMDB0000067|KEGG.DRUG:D00040|KEGG:C00187|LIPIDBANK:SST9061|LM:ST01010001|LOINC:LP100019-1|LOINC:LP15493-7|LOINC:LP18020-5|LOINC:LP32024-9|MESH:D002784|NCIT:C369|NDDF:002556|PATHWHIZ.COMPOUND:47|PSY:09020|PUBCHEM:304|PUBCHEM:5997|REACT:R-ALL-163586|REACT:R-ALL-171069|REACT:R-ALL-171083|REACT:R-ALL-171095|REACT:R-ALL-171135|REACT:R-ALL-171149|REACT:R-ALL-174672|REACT:R-ALL-176478|REACT:R-ALL-193156|REACT:R-ALL-193384|REACT:R-ALL-193840|REACT:R-ALL-196084|REACT:R-ALL-216762|REACT:R-ALL-2239405|REACT:R-ALL-2429660|REACT:R-ALL-8847704|REACT:R-ALL-8848047|REACT:R-ALL-8866305|REACT:R-ALL-8876478|REACT:R-ALL-8951853|RM:0135639|RXCUI:2438|RXNORM:2438|SLM:000000287|SNOMEDCT:84698008|UMLS:C0008377|UNII:97C5T2UQ7J|VANDF:4018648
